,seller,sales,shop_since,rating,favorers,listings,categories,macrame_products,years_in_business,items_sold_per_year,items_sold_per_month,avg_product_price,sales_per_month,sales_per_year,macrame_products_ratio,macrame_products_sales_per_year,macrame_products_sales_per_month,jewelry_products,decoration_products,material_products,macrame_sample_size,sample_listed_products,other_products
0,HomeStoriesStore,110,2018,5.0,78,7,3,7,1,110.0,9.166666666666666,328.03,3006.941666666666,36083.3,100.0,36083.3,3006.941666666666,0.0,1.0,1.0,28.57142857142857,2.0,0.0
1,WallKnot,7260,2015,4.9712,8705,781,18,686,4,1815.0,151.25,1803.1369942196525,272724.47037572245,3272693.6445086687,87.8361075544174,2874606.7095172177,239550.55912643482,0.0,171.0,2.0,25.218658892128282,173.0,0.0
2,FoliageandFlotsam,453,2016,4.9231,282,39,4,30,3,151.0,12.583333333333336,732.4869230769231,9217.127115384616,110605.52538461536,76.92307692307692,85081.17337278105,7090.0977810650875,0.0,13.0,0.0,43.33333333333334,13.0,0.0
3,ReformFibers,17304,2014,4.9071,8095,52,4,52,5,3460.8,288.4,283.28085106382997,81698.19744680855,980378.3693617028,100.0,980378.3693617028,81698.19744680855,0.0,5.0,42.0,90.3846153846154,47.0,0.0
4,CloudyMtnMacrame,611,2018,4.9779,594,65,7,66,1,611.0,50.91666666666666,1525.798636363637,77688.58056818183,932262.966818182,101.53846153846152,946605.4740000002,78883.78950000001,0.0,20.0,2.0,33.333333333333336,22.0,0.0
5,MacrameWonderlandAU,521,2018,5.0,272,50,2,49,1,521.0,43.41666666666666,711.0152380952379,30869.911587301576,370438.9390476189,98.0,363030.16026666656,30252.51335555554,0.0,21.0,0.0,42.857142857142854,21.0,0.0
6,macratura,19,2018,5.0,6,21,0,21,1,19.0,1.5833333333333333,539.2857142857143,853.8690476190477,10246.428571428572,100.0,10246.428571428572,853.8690476190477,0.0,14.0,0.0,66.66666666666667,14.0,0.0
7,MidwestWoven,92,2018,5.0,59,20,0,6,1,92.0,7.666666666666668,198.81,1524.21,18290.52,30.0,5487.156,457.26300000000003,0.0,0.0,0.0,0.0,0.0,2.0
8,mislanascreativas,3000,2013,4.9216,1917,220,10,213,6,500.0,41.66666666666666,2077.535,86563.95833333331,1038767.5,96.8181818181818,1005715.8068181815,83809.65056818182,0.0,3.0,1.0,1.8779342723004693,4.0,0.0
9,HomeVibesMacrame,5031,2015,4.9919,2948,75,10,73,4,1257.75,104.8125,527.5315686274511,55291.90253676472,663502.8304411764,97.33333333333331,645809.4216294115,53817.451802450974,0.0,3.0,48.0,69.86301369863014,51.0,0.0
10,OhMyKnot,111,2017,4.9231,412,41,7,40,2,55.5,4.625,3924.85,18152.43125,217829.175,97.56097560975608,212516.2682926829,17709.68902439024,0.0,4.0,0.0,10.0,4.0,1.0
11,HezeraStore,203,2018,5.0,133,23,5,23,1,203.0,16.916666666666668,402.561,6809.99025,81719.883,100.0,81719.883,6809.99025,2.0,0.0,10.0,52.17391304347826,12.0,0.0
12,SoulStarCreations,73,2018,5.0,28,31,1,6,1,73.0,6.083333333333332,668.12,4064.396666666666,48772.76,19.354838709677423,9439.889032258065,786.6574193548387,0.0,1.0,0.0,16.666666666666668,1.0,0.0
13,MacrameDecorStore,6325,2010,4.9091,9219,117,16,112,9,702.7777777777777,58.564814814814824,477.3726923076922,27957.24332264957,335486.9198717948,95.72649572649573,321149.8720140258,26762.489334502152,0.0,18.0,8.0,23.214285714285715,26.0,0.0
14,SCYarn,2713,2016,4.8426,276,39,0,34,3,904.3333333333335,75.3611111111111,99.2,7475.822222222223,89709.86666666668,87.1794871794872,78208.60170940173,6517.383475783477,0.0,0.0,1.0,2.9411764705882355,1.0,0.0
15,KNOTLYmacrame,233,2018,4.9787,282,33,7,31,1,233.0,19.416666666666668,1593.2985714285714,30936.547261904772,371238.5671428572,93.93939393939394,348739.26004329004,29061.60500360751,0.0,21.0,0.0,67.74193548387096,21.0,0.0
16,BohoMontreal,1499,2014,5.0,2020,80,9,67,5,299.8,24.98333333333333,110.27666666666666,2755.0787222222225,33060.94466666666,83.75,27688.54115833333,2307.3784298611113,0.0,1.0,2.0,4.477611940298506,3.0,0.0
17,MBcordas,3955,2016,4.9419,2225,112,17,106,3,1318.3333333333333,109.86111111111113,593.5032530120479,65202.92682396249,782435.1218875499,94.64285714285714,740518.9546435737,61709.91288696449,0.0,0.0,83.0,78.30188679245283,83.0,0.0
18,BohoWallflowerShop,96,2015,5.0,183,48,3,48,4,24.0,2.0,1883.8496969696967,3767.6993939393933,45212.392727272716,100.0,45212.392727272716,3767.6993939393933,0.0,33.0,0.0,68.75,33.0,0.0
19,Eilascrafts,424,2017,4.9474,114,41,6,36,2,212.0,17.666666666666668,373.39931034482765,6596.721149425288,79160.65379310345,87.8048780487805,69506.91552565183,5792.242960470985,0.0,29.0,0.0,80.55555555555556,29.0,0.0
20,CraftandBeadsUSA,46020,2017,4.9719,2693,115,5,103,2,23010.0,1917.5,96.5884375,185208.32890625,2222499.946875,89.56521739130434,1990586.9089402168,165882.24241168474,6.0,0.0,32.0,36.89320388349515,38.0,0.0
21,PeraStore,1327,2016,4.9338,564,48,9,38,3,442.33333333333326,36.861111111111114,196.82,7255.003888888889,87060.04666666666,79.16666666666667,68922.53694444445,5743.544745370371,1.0,0.0,0.0,2.631578947368421,1.0,0.0
22,MangoAndMore,4069,2014,4.9646,6293,74,4,74,5,813.8,67.81666666666666,3232.932666666666,219246.7170111111,2630960.604133333,100.0,2630960.604133333,219246.7170111111,0.0,15.0,0.0,20.27027027027027,15.0,0.0
23,StringSupply,380,2015,4.9318,307,10,2,10,4,95.0,7.916666666666668,1144.9966666666667,9064.556944444445,108774.68333333332,100.0,108774.68333333332,9064.556944444445,2.0,0.0,3.0,50.0,5.0,0.0
24,VeraMacrameArt,218,2018,5.0,173,15,2,15,1,218.0,18.166666666666668,2416.926428571428,43907.496785714284,526889.9614285714,100.0,526889.9614285714,43907.496785714284,0.0,13.0,0.0,86.66666666666669,13.0,1.0
25,CottonandTreeHome,110,2018,5.0,102,69,8,65,1,110.0,9.166666666666666,1095.0956666666668,10038.376944444446,120460.52333333336,94.20289855072464,113477.304589372,9456.442049114334,0.0,28.0,1.0,44.615384615384606,29.0,1.0
26,HomeMacrameDesigns,68,2018,5.0,63,396,11,357,1,68.0,5.666666666666668,1547.7798947368424,8770.752736842105,105249.03284210527,90.15151515151516,94883.59778947369,7906.966482456141,0.0,62.0,29.0,25.490196078431374,91.0,4.0
27,MoonshadowMacrame,4383,2016,4.9469,3044,86,10,86,3,1461.0,121.75,1031.9647368421054,125641.70671052631,1507700.4805263155,100.0,1507700.4805263155,125641.70671052631,0.0,2.0,17.0,22.09302325581395,19.0,0.0
28,IndigoKnotsAndCo,337,2018,4.9302,228,29,3,29,1,337.0,28.08333333333333,2023.8575,56836.66479166666,682039.9774999999,100.0,682039.9774999999,56836.66479166666,0.0,19.0,1.0,68.96551724137932,20.0,0.0
29,EvaMayaCrafts,1,2019,0.0,3,15,3,15,0,1.0,0.5,1441.442,720.721,1441.442,100.0,1441.442,720.721,0.0,10.0,0.0,66.66666666666667,10.0,0.0
30,PapuShoiPATTERNS,241,2018,4.8889,58,6,0,6,1,241.0,20.08333333333333,90.256,1812.641333333333,21751.696,100.0,21751.696,1812.641333333333,0.0,0.0,5.0,83.33333333333333,5.0,0.0
31,MeganAnneMacrame,63,2016,0.0,9,22,5,22,3,21.0,1.75,270.68,473.69,5684.28,100.0,5684.28,473.69,0.0,0.0,0.0,0.0,0.0,1.0
32,PansyHome,38,2016,5.0,22,27,2,27,3,12.666666666666664,1.0555555555555556,246.65235294117645,260.3552614379085,3124.2631372549017,100.0,3124.2631372549017,260.3552614379085,0.0,0.0,17.0,62.96296296296296,17.0,0.0
33,WalkOnEarth,69,2018,5.0,69,67,10,3,1,69.0,5.75,270.27,1554.0524999999998,18648.63,4.477611940298506,835.0132835820892,69.58444029850745,0.0,1.0,0.0,33.333333333333336,1.0,0.0
34,ThisIsSuzy,360,2012,5.0,219,12,3,3,7,51.42857142857143,4.285714285714286,67.57,289.5857142857143,3475.028571428571,25.0,868.7571428571428,72.39642857142857,0.0,0.0,2.0,66.66666666666667,2.0,0.0
35,TeddyandWool,1934,2016,4.9919,10637,71,4,71,3,644.6666666666666,53.72222222222222,12577.811147540979,675707.9655373405,8108495.586448085,100.0,8108495.586448085,675707.9655373405,0.0,52.0,7.0,83.09859154929578,59.0,2.0
36,PastPatternsPalooza,17675,2017,4.9252,1692,1302,20,121,2,8837.5,736.4583333333335,37.707177419354885,27769.7650369624,333237.1804435487,9.293394777265744,30969.04672324838,2580.753893604032,2.0,0.0,124.0,104.13223140495869,126.0,0.0
37,MacraMeMix,11,2018,5.0,33,36,11,36,1,11.0,0.9166666666666666,2074.222916666667,1901.3710069444448,22816.452083333334,100.0,22816.452083333334,1901.3710069444448,0.0,24.0,0.0,66.66666666666667,24.0,0.0
38,EstonianWorkshop,16,2018,5.0,28,8,2,8,1,16.0,1.3333333333333333,,,,100.0,,,0.0,0.0,0.0,0.0,0.0,0.0
39,RainbowCordShop,11138,2013,4.9535,1440,67,15,11,6,1856.333333333333,154.69444444444446,76.86333333333333,11890.330648148147,142683.96777777775,16.417910447761194,23425.72605306799,1952.1438377556665,1.0,0.0,3.0,36.36363636363637,4.0,0.0
40,NyxonCreations,295,2017,5.0,224,52,3,52,2,147.5,12.291666666666664,2814.5278571428557,34595.238244047614,415142.85892857134,100.0,415142.85892857134,34595.238244047614,0.0,42.0,0.0,80.76923076923076,42.0,0.0
41,Bobbiny,10346,2014,4.9473,5360,252,10,250,5,2069.2,172.43333333333337,236.0233333333332,40698.29011111109,488379.48133333295,99.2063492063492,484503.4537037034,40375.28780864195,8.0,0.0,96.0,41.6,104.0,0.0
42,theDopeRope,1090,2015,5.0,4698,50,3,49,4,272.5,22.70833333333333,298.21,6771.852083333332,81262.22499999999,98.0,79636.98049999999,6636.415041666665,0.0,0.0,1.0,2.0408163265306123,1.0,0.0
43,KnotYourMomsMacrame,663,2017,4.9541,203,57,7,50,2,331.5,27.625,299.25499999999994,8266.919374999998,99203.0325,87.71929824561406,87020.20394736841,7251.6836622806995,4.0,0.0,24.0,56.0,28.0,0.0
44,TheStarShop,3771,2014,4.8317,863,1165,13,418,5,754.2,62.85,82.95353312302825,5213.6295567823245,62563.55468138791,35.87982832618026,22447.69601443789,1870.641334536491,29.0,0.0,317.0,82.77511961722487,346.0,0.0
45,TamarThings,353,2017,5.0,335,34,5,34,2,176.5,14.708333333333336,1393.9261290322586,20502.33014784947,246027.9617741936,100.0,246027.9617741936,20502.33014784947,0.0,11.0,20.0,91.17647058823529,31.0,0.0
46,MacrameDesign,10394,2010,4.9772,3642,183,11,182,9,1154.888888888889,96.24074074074076,255.23666666666668,24564.165864197534,294769.9903703704,99.4535519125683,293159.2253956689,24429.93544963908,0.0,5.0,0.0,2.7472527472527477,5.0,1.0
47,RockMountainCo,3115,2016,4.876,1329,71,5,71,3,1038.3333333333333,86.52777777777777,722.0254098360655,62475.254212204,749703.050546448,100.0,749703.050546448,62475.254212204,19.0,0.0,61.0,112.67605633802819,80.0,0.0
48,ByDelunaDesign,2233,2015,4.8696,1382,140,12,131,4,558.25,46.52083333333334,267.6835365853659,12452.861191565044,149434.3342987805,93.57142857142857,139827.8413795732,11652.320114964434,4.0,0.0,82.0,65.64885496183207,86.0,0.0
49,MustangAndSally,3855,2013,4.8723,1193,93,5,87,6,642.5,53.54166666666666,241.45,12927.635416666664,155131.625,93.54838709677419,145123.13306451612,12093.59442204301,0.0,0.0,0.0,0.0,0.0,1.0
50,DriftwoodFamily,258,2018,5.0,111,11,2,11,1,258.0,21.5,132.54,2849.61,34195.32,100.0,34195.32,2849.61,0.0,0.0,3.0,27.272727272727273,3.0,0.0
51,GARMYBOOKS,44,2018,4.6667,24,111,0,85,1,44.0,3.6666666666666665,232.17238805970138,851.298756218905,10215.585074626859,76.57657657657657,7822.745327416966,651.8954439514138,0.0,0.0,67.0,78.82352941176471,67.0,0.0
52,MossPointsNorth,343,2010,4.9259,428,35,6,32,9,38.111111111111114,3.1759259259259265,567.7492307692307,1803.1295014245013,21637.55401709402,91.42857142857143,19782.90652991453,1648.575544159544,0.0,7.0,6.0,40.625,13.0,0.0
53,BermudaDream,1251,2011,4.9474,4253,53,9,53,8,156.375,13.03125,403.73076923076917,5261.116586538462,63133.39903846153,100.0,63133.39903846153,5261.116586538462,0.0,0.0,10.0,18.867924528301888,10.0,3.0
54,JaviviShop,3585,2015,5.0,817,11,2,11,4,896.25,74.6875,960.8516666666667,71763.60885416668,861163.3062500001,100.0,861163.3062500001,71763.60885416668,0.0,0.0,6.0,54.54545454545455,6.0,0.0
55,WeavingPix,399,2017,4.8763,287,18,3,18,2,199.5,16.625,682.5733333333334,11347.781666666668,136173.38,100.0,136173.38,11347.781666666668,0.0,3.0,0.0,16.666666666666668,3.0,0.0
56,KnotJustMacrame,5360,2008,5.0,6247,163,10,161,11,487.27272727272725,40.60606060606061,295.4405405405405,11996.676494676496,143960.11793611792,98.77300613496931,142193.73612095087,11849.478010079238,7.0,0.0,31.0,23.60248447204969,38.0,5.0
57,ickythecat,73976,2015,4.8477,5201,10879,19,121,4,18494.0,1541.166666666667,22.740731707317074,35047.25768292684,420567.09219512204,1.1122345803842264,4677.692633110558,389.80771942587984,0.0,0.0,41.0,33.88429752066116,41.0,0.0
58,LotsofKnotsCa,28,2018,5.0,61,10,7,10,1,28.0,2.333333333333333,1278.95,2984.2166666666667,35810.6,100.0,35810.6,2984.2166666666667,0.0,2.0,1.0,30.0,3.0,0.0
59,VintageCraftLoft,1490,2016,4.8485,322,1413,17,4,3,496.66666666666674,41.388888888888886,99.4,4114.055555555556,49368.66666666667,0.28308563340410475,139.7556027364945,11.646300228041206,0.0,0.0,4.0,100.0,4.0,0.0
60,HouseSparrowNesting,1958,2015,4.9352,1484,64,13,44,4,489.5,40.79166666666666,498.7045714285714,20342.99064285714,244115.8877142857,68.75,167829.67280357142,13985.806066964285,0.0,1.0,34.0,79.54545454545455,35.0,0.0
61,Crafting4Ever2013,4493,2014,4.45,733,247,19,30,5,898.6,74.88333333333334,54.95857142857143,4115.481023809524,49385.77228571429,12.145748987854251,5998.271937536148,499.855994794679,0.0,0.0,21.0,70.0,21.0,0.0
62,AmberEsk,4,2018,5.0,11,11,2,11,1,4.0,0.3333333333333333,600.4399999999998,200.14666666666665,2401.76,100.0,2401.76,200.14666666666665,0.0,7.0,0.0,63.63636363636363,7.0,0.0
63,EverythingOneDollar,311,2018,5.0,43,27,7,18,1,311.0,25.91666666666667,15.039999999999996,389.78666666666663,4677.439999999999,66.66666666666667,3118.293333333333,259.85777777777776,0.0,0.0,9.0,50.0,9.0,0.0
64,tiedtwistedandtrue,1,2018,0.0,16,23,1,23,1,1.0,0.08333333333333333,1904.765,158.73041666666666,1904.765,100.0,1904.765,158.73041666666666,0.0,6.0,0.0,26.08695652173913,6.0,0.0
65,ProopsBrosLTD,11120,2013,4.872,3430,2059,15,54,6,1853.333333333333,154.44444444444446,191.61423076923077,29593.75341880342,355125.0410256409,2.622632345798932,9313.624193970189,776.1353494975156,0.0,0.0,26.0,48.148148148148145,26.0,0.0
66,DaraDwell,3,2018,0.0,12,13,0,12,1,3.0,0.25,878.9839999999999,219.74599999999998,2636.952,92.30769230769229,2434.109538461539,202.84246153846152,0.0,5.0,0.0,41.66666666666666,5.0,0.0
67,Macramelissa,428,2017,4.9298,581,51,6,51,2,214.0,17.833333333333332,1304.9605263157896,23271.796052631576,279261.55263157893,100.0,279261.55263157893,23271.796052631576,0.0,37.0,0.0,72.54901960784314,37.0,1.0
68,MacrameArt,92,2009,5.0,540,20,5,20,10,9.2,0.7666666666666667,494.74428571428564,379.30395238095235,4551.6474285714285,100.0,4551.6474285714285,379.30395238095235,0.0,4.0,3.0,35.0,7.0,0.0
69,PDFPatternsCentral,1200,2016,4.9783,200,901,16,671,3,400.0,33.333333333333336,40.294200477327045,1343.1400159109014,16117.680190930818,74.47280799112097,12003.289021214849,1000.2740851012377,0.0,0.0,419.0,62.4441132637854,419.0,0.0
70,thisiswhatidostudio,514,2016,4.9286,682,3,1,3,3,171.33333333333334,14.277777777777779,298.21,4257.776111111111,51093.31333333333,100.0,51093.31333333333,4257.776111111111,0.0,0.0,3.0,100.0,3.0,0.0
71,Beckinka,4969,2011,5.0,1725,122,6,120,8,621.125,51.76041666666666,608.8011864406773,31511.803077330464,378141.6369279656,98.36065573770493,371942.59369963827,30995.21614163652,24.0,0.0,59.0,69.16666666666667,83.0,0.0
72,WoodenGiftForQueen,50,2017,5.0,1066,72,6,70,2,25.0,2.083333333333333,701.7047540983605,1461.8849043715838,17542.618852459007,97.22222222222223,17055.32388433515,1421.2769903612625,0.0,61.0,0.0,87.14285714285714,61.0,0.0
73,PeacockPeonyHandmade,1607,2017,4.9944,801,31,5,24,2,803.5,66.95833333333333,428.32,28679.59333333333,344155.12,77.4193548387097,266442.67354838713,22203.55612903225,0.0,2.0,1.0,12.5,3.0,0.0
74,captainofthehooks,1074,2016,5.0,299,27,5,7,3,358.0,29.83333333333333,182.48,5443.986666666667,65327.84,25.92592592592593,16936.847407407407,1411.403950617284,0.0,0.0,7.0,100.0,7.0,0.0
75,Annieslittlethings,2158,2017,4.9394,531,388,16,116,2,1079.0,89.91666666666669,162.395,14602.017083333334,175224.20500000002,29.896907216494853,52386.617989690734,4365.5514991408945,0.0,0.0,6.0,5.172413793103448,6.0,0.0
76,ANAPADIY,318,2017,4.9189,89,896,12,54,2,159.0,13.25,88.20583333333332,1168.7272916666666,14024.7275,6.0267857142857135,845.2402734374998,70.436689453125,0.0,0.0,12.0,22.222222222222218,12.0,0.0
77,KnottyKnottyMacrame,3995,2013,4.9583,2563,65,9,62,6,665.8333333333334,55.486111111111114,87.11999999999998,4833.949999999999,58007.39999999999,95.3846153846154,55330.13538461537,4610.844615384614,0.0,0.0,8.0,12.903225806451614,8.0,1.0
78,KnottingToDo,914,2016,4.9804,186,34,2,34,3,304.6666666666667,25.38888888888889,39.62484848484848,1006.0308754208752,12072.370505050503,100.0,12072.370505050503,1006.0308754208752,2.0,0.0,33.0,102.94117647058823,35.0,0.0
79,MacramadeStudio,1,2018,0.0,6,7,1,7,1,1.0,0.08333333333333333,,,,100.0,,,0.0,0.0,0.0,0.0,0.0,0.0
80,YaShiHandmade,12,2018,5.0,19,17,5,17,1,12.0,1.0,626.938,626.938,7523.2559999999985,100.0,7523.2559999999985,626.938,0.0,10.0,0.0,58.82352941176471,10.0,0.0
81,Stickandthread,29,2018,5.0,13,10,0,10,1,29.0,2.4166666666666665,452.2875,1093.028125,13116.3375,100.0,13116.3375,1093.028125,0.0,4.0,0.0,40.0,4.0,0.0
82,CrystalSeedArts,33,2018,5.0,11,26,1,3,1,33.0,2.75,,,,11.538461538461537,,,0.0,0.0,0.0,0.0,0.0,0.0
83,AnnikasAtelier,255,2014,5.0,294,10,2,5,5,51.0,4.25,66.26666666666667,281.6333333333333,3379.6,50.0,1689.8,140.81666666666666,0.0,0.0,6.0,120.0,6.0,0.0
84,NoTailCatJewellery,352,2017,4.988,397,159,5,150,2,176.0,14.666666666666664,582.5833333333334,8544.555555555557,102534.66666666669,94.33962264150944,96730.81761006289,8060.901467505241,3.0,0.0,0.0,2.0,3.0,3.0
85,TheKnottyRatsNest,634,2011,5.0,1368,120,7,77,8,79.25,6.604166666666668,467.19500000000005,3085.4336458333337,37025.20375,64.16666666666667,23757.83907291667,1979.819922743056,4.0,3.0,0.0,9.090909090909092,7.0,0.0
86,VictorianLeathers,145,2014,4.9677,238,84,13,2,5,29.0,2.4166666666666665,,,,2.380952380952381,,,0.0,0.0,0.0,0.0,0.0,0.0
87,IndieBohoStudio,296,2016,5.0,286,51,5,39,3,98.66666666666669,8.222222222222221,1295.9132352941178,10655.28660130719,127863.4392156863,76.47058823529412,97777.92410611305,8148.1603421760865,0.0,28.0,6.0,87.1794871794872,34.0,0.0
88,MidwesternMigrantOk,24,2017,4.75,36,10,3,10,2,12.0,1.0,695.83,695.83,8349.960000000001,100.0,8349.960000000001,695.83,0.0,1.0,0.0,10.0,1.0,0.0
89,KETmercantile,1670,2016,5.0,1083,31,6,20,3,556.6666666666666,46.38888888888889,1026.7838095238094,47631.36005291005,571576.3206349205,64.51612903225806,368758.91653865844,30729.909711554865,0.0,6.0,15.0,105.0,21.0,0.0
90,YesterdaysMagic,19856,2011,4.8774,2993,1917,14,9,8,2482.0,206.83333333333331,46.86,9692.21,116306.52,0.4694835680751174,546.0400000000002,45.50333333333334,0.0,0.0,7.0,77.77777777777777,7.0,0.0
91,LonelyBeach,2940,2015,4.9932,2094,266,16,136,4,735.0,61.25,166.738,10212.7025,122552.43,51.127819548872175,62658.38526315789,5221.532105263157,0.0,0.0,10.0,7.352941176470589,10.0,0.0
92,zigzagpdx,42,2017,5.0,121,31,1,31,2,21.0,1.75,3005.3033333333333,5259.280833333333,63111.37,100.0,63111.37,5259.280833333333,0.0,6.0,0.0,19.354838709677423,6.0,0.0
93,OwlTellYouSew,39,2016,5.0,102,7,2,2,3,13.0,1.0833333333333333,,,,28.57142857142857,,,0.0,0.0,0.0,0.0,0.0,0.0
94,ModernWallHangings,45,2015,5.0,51,21,2,21,4,11.25,0.9375,2485.09,2329.771875000001,27957.2625,100.0,27957.2625,2329.771875000001,0.0,2.0,0.0,9.523809523809524,2.0,0.0
95,TheArtistryOwl,209,2015,4.6364,91,24,5,9,4,52.25,4.354166666666667,44.73,194.761875,2337.1425,37.5,876.4284375,73.035703125,0.0,0.0,1.0,11.111111111111109,1.0,0.0
96,ThatCreativeFeeling,411,2012,5.0,389,46,4,9,7,58.714285714285715,4.892857142857143,64.1475,313.86455357142864,3766.374642857143,19.565217391304348,736.8993866459626,61.4082822204969,0.0,0.0,4.0,44.444444444444436,4.0,0.0
97,FrayedKnotsStudio,1348,2017,4.8941,963,116,7,115,2,674.0,56.16666666666666,2417.1123076923072,135761.14128205125,1629133.695384615,99.13793103448276,1615089.43938992,134590.78661582668,0.0,13.0,0.0,11.304347826086955,13.0,0.0
98,CraftConfetti,2843,2016,4.9875,2153,254,18,174,3,947.6666666666665,78.97222222222223,160.24,12654.508888888891,151854.10666666663,68.50393700787401,104026.04157480317,8668.836797900265,5.0,0.0,18.0,13.218390804597702,23.0,0.0
99,ThankfulKnits,286,2014,5.0,271,30,5,22,5,57.2,4.766666666666667,3156.0625,15043.897916666667,180526.775,73.33333333333333,132386.30166666667,11032.191805555554,0.0,4.0,0.0,18.181818181818183,4.0,0.0
100,PlaceofMyCrafts,2,2017,5.0,7,7,2,7,2,1.0,0.08333333333333333,2488.0640000000008,207.33866666666668,2488.0640000000008,100.0,2488.0640000000008,207.33866666666668,0.0,5.0,0.0,71.42857142857143,5.0,0.0
101,AnnaCuce,676,2015,5.0,426,4,2,4,4,169.0,14.083333333333336,163.74,2306.005,27672.06,100.0,27672.06,2306.005,0.0,0.0,2.0,50.0,2.0,0.0
102,PatternMuseum,2903,2014,4.9556,617,481,7,28,5,580.6,48.38333333333333,85.30312499999997,4127.249531249999,49526.99437499998,5.8212058212058215,2883.068279625779,240.2556899688149,0.0,0.0,32.0,114.28571428571428,32.0,0.0
103,forestfathers,124,2017,5.0,118,144,8,26,2,62.0,5.166666666666667,158.28166666666667,817.7886111111113,9813.463333333333,18.055555555555557,1771.8753240740743,147.65627700617287,0.0,1.0,5.0,23.07692307692308,6.0,0.0
104,knotmodern,659,2015,4.963,221,123,5,123,4,164.75,13.729166666666664,223.57827586206898,3069.543412356322,36834.520948275866,100.0,36834.520948275866,3069.543412356322,0.0,0.0,29.0,23.577235772357724,29.0,0.0
105,GreenLyricMacrame,41,2018,5.0,90,28,3,26,1,41.0,3.4166666666666665,823.8136363636363,2814.6965909090914,33776.359090909085,92.85714285714286,31363.762012987016,2613.646834415585,0.0,10.0,0.0,38.46153846153846,10.0,1.0
106,goandbepure,66,2018,5.0,80,4,3,4,1,66.0,5.5,103.49,569.195,6830.34,100.0,6830.34,569.195,0.0,0.0,2.0,50.0,2.0,0.0
107,PastPatternsBoutique,1199,2015,4.8148,235,174,12,41,4,299.75,24.97916666666667,50.3685,1258.1631562500004,15097.957875000002,23.5632183908046,3557.5647866379313,296.4637322198276,0.0,0.0,40.0,97.56097560975608,40.0,0.0
108,TheKannaKraftShop,2,2018,0.0,9,26,6,12,1,2.0,0.16666666666666666,781.9766666666666,130.32944444444442,1563.9533333333331,46.153846153846146,721.8246153846153,60.152051282051275,0.0,3.0,0.0,25.0,3.0,0.0
109,Dazespast,785,2009,4.9615,397,561,17,66,10,78.5,6.541666666666668,120.40899999999998,787.6755416666666,9452.106499999998,11.764705882352944,1112.0125294117643,92.66771078431371,0.0,0.0,60.0,90.9090909090909,60.0,0.0
110,NestandBurrowUK,330,2011,5.0,532,19,3,3,8,41.25,3.4375,1413.88,4860.2125000000015,58322.55,15.789473684210524,9208.823684210529,767.4019736842107,0.0,0.0,1.0,33.333333333333336,1.0,0.0
111,MacramePurse,32,2010,0.0,56,11,2,10,9,3.555555555555556,0.2962962962962963,106.85500000000002,31.660740740740746,379.9288888888889,90.9090909090909,345.389898989899,28.782491582491588,0.0,0.0,4.0,40.0,4.0,0.0
112,EvileyeFavorSupplies,9601,2016,4.8088,3326,835,13,41,3,3200.333333333333,266.69444444444446,179.02499999999995,47744.97291666666,572939.6749999999,4.910179640718563,28132.367275449098,2344.363939620758,1.0,1.0,0.0,4.878048780487805,2.0,0.0
113,KellysMacrame,94,2017,5.0,96,99,2,99,2,47.0,3.9166666666666665,1605.929487179487,6289.89049145299,75478.68589743589,100.0,75478.68589743589,6289.89049145299,0.0,39.0,0.0,39.39393939393939,39.0,0.0
114,SaguaroMacrame,8,2018,5.0,32,50,6,36,1,8.0,0.6666666666666666,1811.6318750000007,1207.7545833333334,14493.055000000002,72.0,10434.9996,869.5833,0.0,16.0,0.0,44.444444444444436,16.0,0.0
115,LemonMacrame,6,2019,0.0,11,17,2,17,0,6.0,3.0,666.0050000000001,1998.0150000000006,3996.030000000001,100.0,3996.030000000001,1998.0150000000006,0.0,10.0,0.0,58.82352941176471,10.0,0.0
116,LittleCHIEFshop,86,2016,5.0,185,41,4,1,3,28.66666666666667,2.3888888888888893,771.37,1842.7172222222225,22112.60666666667,2.4390243902439024,539.3318699186992,44.94432249322494,0.0,1.0,0.0,100.0,1.0,0.0
117,AshleyJannelCo,94,2018,5.0,104,80,0,39,1,94.0,7.833333333333332,827.8914285714285,6485.149523809523,77821.79428571428,48.75,37938.12471428571,3161.5103928571425,0.0,14.0,0.0,35.8974358974359,14.0,0.0
118,WildflowerWanda,2,2018,0.0,2,5,0,5,1,2.0,0.16666666666666666,563.29,93.88166666666666,1126.58,100.0,1126.58,93.88166666666666,0.0,3.0,0.0,60.0,3.0,0.0
119,CooloRoonie,1767,2012,5.0,302,352,17,38,7,252.42857142857144,21.035714285714285,36.59727272727272,769.8497727272725,9238.197272727271,10.795454545454543,997.3053873966937,83.10878228305782,0.0,0.0,44.0,115.7894736842105,44.0,0.0
120,TheMakeryKelowna,237,2016,5.0,98,15,6,15,3,79.0,6.583333333333332,105.26,692.9616666666667,8315.54,100.0,8315.54,692.9616666666667,0.0,1.0,0.0,6.666666666666668,1.0,0.0
121,Happyland87,6708,2009,4.7957,3518,340,9,96,10,670.8,55.9,329.6464912280701,18427.238859649122,221126.86631578946,28.235294117647058,62435.82107739938,5202.985089783281,0.0,0.0,54.0,56.25,54.0,3.0
122,MagicalSweetDreams,596,2015,5.0,7321,205,11,77,4,149.0,12.416666666666664,1675.9088235294116,20809.2012254902,249710.41470588237,37.560975609756106,93793.66796269726,7816.13899689144,0.0,16.0,1.0,22.07792207792208,17.0,0.0
123,66Playdoor,3,2018,0.0,23,38,12,4,1,3.0,0.25,1500.995,375.24875,4502.985,10.526315789473683,473.9984210526316,39.49986842105263,0.0,2.0,0.0,50.0,2.0,0.0
124,ArtyIsle,4,2019,0.0,7,30,4,3,0,4.0,2.0,1518.02,3036.04,6072.08,10.0,607.2080000000001,303.60400000000004,0.0,2.0,0.0,66.66666666666667,2.0,0.0
125,vess65,38981,2009,4.9461,8648,2761,19,885,10,3898.1,324.84166666666664,45.15105263157895,14666.943188596491,176003.31826315788,32.05360376675118,56415.40625240666,4701.2838543672215,0.0,0.0,19.0,2.146892655367232,19.0,0.0
126,KindofJoy,214,2016,4.9375,296,61,12,48,3,71.33333333333333,5.9444444444444455,726.4876190476192,4318.565291005291,51822.783492063485,78.68852459016394,40778.5837314598,3398.215310954983,0.0,21.0,0.0,43.75,21.0,0.0
127,VirgoVintageInLA,343,2013,5.0,395,87,6,1,6,57.16666666666666,4.763888888888889,4870.78,23203.854722222222,278446.25666666665,1.1494252873563218,3200.5316858237547,266.7109738186462,0.0,1.0,0.0,100.0,1.0,0.0
128,TheHaveKnotsPDX,1,2018,0.0,21,26,0,26,1,1.0,0.08333333333333333,497.02,41.41833333333333,497.02,100.0,497.02,41.41833333333333,0.0,1.0,0.0,3.8461538461538463,1.0,0.0
129,BustlesandBonnets,46,2016,5.0,51,61,14,2,3,15.333333333333336,1.2777777777777777,3479.13,4445.5549999999985,53346.66,3.278688524590164,1749.0708196721314,145.75590163934424,0.0,1.0,0.0,50.0,1.0,0.0
130,StudioSunnyThreads,890,2016,4.8804,598,141,14,113,3,296.6666666666667,24.722222222222218,428.70666666666665,10598.58148148148,127182.97777777778,80.1418439716312,101926.78360914103,8493.898634095087,0.0,0.0,12.0,10.619469026548671,12.0,0.0
131,GransTreasures,5739,2009,5.0,1797,1623,12,71,10,573.9,47.825,258.30675,12353.52031875,148242.243825,4.374614910659273,6485.027302264325,540.4189418553605,1.0,1.0,40.0,59.15492957746479,42.0,0.0
132,OzloDesigns,61,2016,5.0,87,19,4,18,3,20.33333333333333,1.6944444444444444,693.7639999999999,1175.5445555555555,14106.534666666665,94.73684210526315,13364.085473684208,1113.6737894736839,0.0,4.0,1.0,27.777777777777782,5.0,0.0
133,HippieMoments,163,2009,5.0,45,9,1,9,10,16.3,1.3583333333333334,64.27363636363638,87.30502272727276,1047.6602727272732,100.0,1047.6602727272732,87.30502272727276,0.0,0.0,11.0,122.22222222222223,11.0,0.0
134,TiedandSea,3,2018,0.0,6,13,1,13,1,3.0,0.25,1192.84,298.21,3578.5199999999995,100.0,3578.5199999999995,298.21,0.0,1.0,0.0,7.6923076923076925,1.0,0.0
135,HustleHomeDecor,24,2017,4.8333,82,37,5,37,2,12.0,1.0,1123.2614285714283,1123.2614285714283,13479.137142857142,100.0,13479.137142857142,1123.2614285714283,0.0,14.0,0.0,37.837837837837846,14.0,0.0
136,Tinaworks,9624,2012,4.7188,2385,440,11,70,7,1374.857142857143,114.57142857142857,129.22,14804.92,177659.04,15.909090909090908,28263.938181818183,2355.3281818181813,0.0,0.0,1.0,1.4285714285714286,1.0,0.0
137,BrickMagnolia,23,2018,4.75,28,21,0,21,1,23.0,1.9166666666666667,760.0569230769231,1456.7757692307694,17481.30923076923,100.0,17481.30923076923,1456.7757692307694,0.0,13.0,0.0,61.904761904761905,13.0,0.0
138,muranoandtaguacanada,1367,2008,5.0,8556,43,7,1,11,124.27272727272728,10.356060606060606,695.83,7206.05765151515,86472.69181818183,2.3255813953488373,2010.9928329809727,167.5827360817477,0.0,1.0,0.0,100.0,1.0,0.0
139,AlomKnitCrochet,20,2018,4.97799450549,33,53,8,8,1,20.0,1.6666666666666667,807.5316666666668,1345.8861111111114,16150.633333333335,15.094339622641508,2437.831446540881,203.1526205450734,0.0,6.0,0.0,75.0,6.0,0.0
140,HandsomeAndDarling,4,2018,5.0,5,15,1,15,1,4.0,0.3333333333333333,1278.2,426.06666666666666,5112.8,100.0,5112.8,426.06666666666666,0.0,0.0,0.0,0.0,0.0,1.0
141,Dreamcatchersbdesign,0,2016,0.0,4,12,0,10,3,0.0,0.0,1068.38,0.0,0.0,83.33333333333333,0.0,0.0,0.0,4.0,0.0,40.0,4.0,0.0
142,kjksCozyDecor,25,2018,5.0,195,42,6,33,1,25.0,2.083333333333333,677.9566666666667,1412.4097222222226,16948.916666666668,78.57142857142857,13317.005952380952,1109.7504960317465,0.0,9.0,0.0,27.272727272727273,9.0,0.0
143,CactusAndWillow,77,2018,5.0,53,10,5,10,1,77.0,6.416666666666668,192.31,1233.9891666666667,14807.87,100.0,14807.87,1233.9891666666667,0.0,0.0,2.0,20.0,2.0,0.0
144,JRaysHomemade,11,2018,5.0,30,30,2,26,1,11.0,0.9166666666666666,1114.9100000000003,1022.0008333333336,12264.010000000006,86.66666666666669,10628.80866666667,885.7340555555559,0.0,10.0,0.0,38.46153846153846,10.0,0.0
145,LaPerlinea,209,2013,0.0,179,37,5,30,6,34.833333333333336,2.9027777777777777,172.9244999999999,501.96139583333314,6023.5367499999975,81.08108108108108,4883.948716216215,406.99572635135115,4.0,0.0,19.0,76.66666666666667,23.0,0.0
146,SpruceMooseShop,1370,2011,4.9365,312,107,9,10,8,171.25,14.270833333333336,84.49,1205.7427083333332,14468.9125,9.345794392523365,1352.234813084112,112.686234423676,0.0,0.0,1.0,10.0,1.0,0.0
147,IyataTreasures,0,2019,0.0,3,2,1,1,0,0.0,0.0,1093.24,0.0,0.0,50.0,0.0,0.0,0.0,1.0,0.0,100.0,1.0,0.0
148,Trinketyard,628,2018,4.9674,193,338,14,165,1,628.0,52.33333333333334,61.63,3225.3033333333337,38703.64,48.816568047337284,18893.78875739645,1574.4823964497045,1.0,0.0,1.0,1.2121212121212122,2.0,0.0
149,MotherlandCompany,120,2017,5.0,160,37,2,16,2,60.0,5.0,1060.3044444444447,5301.522222222224,63618.26666666669,43.24324324324325,27510.601801801808,2292.5501501501512,0.0,9.0,0.0,56.25,9.0,0.0
150,crownyarns,372,2017,4.68,241,93,7,85,2,186.0,15.5,1540.6515789473685,23880.099473684208,286561.19368421054,91.39784946236557,261910.76842105255,21825.89736842105,0.0,1.0,18.0,22.352941176470583,19.0,0.0
151,Hobbyshop2015,1156,2015,5.0,2656,57,5,19,4,289.0,24.08333333333333,51.49,1240.0508333333332,14880.61,33.333333333333336,4960.203333333334,413.35027777777776,0.0,0.0,1.0,5.2631578947368425,1.0,0.0
152,PELLSatelier,3,2013,0.0,44,12,0,12,6,0.5,0.04166666666666666,8946.32,372.76333333333326,4473.16,100.0,4473.16,372.76333333333326,0.0,1.0,0.0,8.333333333333334,1.0,0.0
153,TribalAfternoon,96,2012,5.0,48,68,4,68,7,13.714285714285715,1.1428571428571428,1536.6154166666668,1756.1319047619047,21073.582857142857,100.0,21073.582857142857,1756.1319047619047,1.0,21.0,0.0,32.35294117647059,22.0,2.0
154,BiancaGreenArt,6,2018,0.0,29,21,2,20,1,6.0,0.5,1464.2189999999994,732.1094999999997,8785.313999999997,95.23809523809523,8366.965714285714,697.2471428571428,0.0,10.0,0.0,50.0,10.0,0.0
155,WilderCords,34,2017,5.0,60,17,5,14,2,17.0,1.4166666666666667,2477.48,3509.7633333333333,42117.16,82.3529411764706,34684.720000000016,2890.393333333333,0.0,2.0,0.0,14.285714285714285,2.0,0.0
156,Mettaweaving,635,2013,4.9655,3445,224,15,179,6,105.83333333333331,8.819444444444445,1296.7467272727265,11436.585719696963,137239.02863636357,79.91071428571429,109668.68806209408,9139.05733850784,0.0,42.0,0.0,23.463687150837988,42.0,13.0
157,MacramadeByHand,2,2019,0.0,5,18,0,18,0,2.0,1.0,530.15,530.15,1060.3,100.0,1060.3,530.15,0.0,3.0,0.0,16.666666666666668,3.0,0.0
158,MaisonMacrame,56,2018,5.0,70,24,6,24,1,56.0,4.666666666666667,1088.0181818181818,5077.418181818181,60929.01818181817,100.0,60929.01818181817,5077.418181818181,0.0,11.0,0.0,45.83333333333334,11.0,0.0
159,Beadlanta,168248,2014,4.939,15203,15344,19,1572,5,33649.6,2804.133333333333,97.81,274272.2813333333,3291267.376,10.24504692387904,337191.8870615225,28099.323921793533,5.0,0.0,5.0,0.6361323155216285,10.0,0.0
160,TerraCreaciones,4,2017,0.0,125,9,2,9,2,2.0,0.16666666666666666,630.63,105.105,1261.26,100.0,1261.26,105.105,0.0,2.0,0.0,22.222222222222218,2.0,0.0
161,BohoChicHome,4,2018,0.0,27,22,4,22,1,4.0,0.3333333333333333,618.9449999999998,206.315,2475.78,100.0,2475.78,206.315,0.0,2.0,2.0,18.181818181818183,4.0,0.0
162,HolyChicBoutiqueCo,1914,2016,4.9364,627,216,13,29,3,638.0,53.16666666666666,1848.906,98300.16900000001,1179602.028,13.425925925925926,158372.49449999994,13197.707874999998,0.0,15.0,0.0,51.72413793103448,15.0,0.0
163,emFiberCraft,96,2018,5.0,66,57,5,55,1,96.0,8.0,556.66,4453.28,53439.36,96.49122807017544,51564.29473684211,4297.024561403508,0.0,1.0,0.0,1.818181818181818,1.0,0.0
164,RecycleBinTreasure,240,2016,4.9714,81,144,15,1,3,80.0,6.666666666666668,,,,0.6944444444444444,,,0.0,0.0,0.0,0.0,0.0,0.0
165,23PalominoBoutique,20,2016,5.0,1227,20,7,18,3,6.666666666666668,0.5555555555555556,674.3539999999998,374.6411111111112,4495.693333333333,90.0,4046.123999999999,337.17699999999996,0.0,10.0,0.0,55.555555555555564,10.0,0.0
166,TheKnottyRds,9,2018,5.0,5,19,2,19,1,9.0,0.75,,,,100.0,,,0.0,0.0,0.0,0.0,0.0,0.0
167,becausetoday,0,2018,0.0,2,3,1,3,1,0.0,0.0,1888.67,0.0,0.0,100.0,0.0,0.0,0.0,3.0,0.0,100.0,3.0,0.0
168,UrbanNomadStudio,65,2016,5.0,102,95,10,68,3,21.66666666666667,1.805555555555556,1489.13,2688.706944444444,32264.48333333333,71.57894736842105,23094.57754385965,1924.5481286549705,0.0,26.0,0.0,38.23529411764706,26.0,0.0
169,ThereAndBackVintage,1303,2014,4.9726,494,526,8,1,5,260.6,21.716666666666665,397.61,8634.763833333333,103617.166,0.19011406844106465,196.99080988593155,16.415900823827627,0.0,1.0,0.0,100.0,1.0,0.0
170,MAJAMIstudio,490,2016,5.0,2160,73,6,73,3,163.33333333333334,13.611111111111109,4591.261666666666,62492.17268518518,749906.0722222222,100.0,749906.0722222222,62492.17268518518,0.0,42.0,0.0,57.534246575342465,42.0,0.0
171,MartaJewelry,432,2013,5.0,2727,199,11,176,6,72.0,6.0,129.22,775.3199999999998,9303.84,88.44221105527639,8228.521809045227,685.7101507537689,1.0,0.0,2.0,1.7045454545454546,3.0,0.0
172,UrbanJungleDesignCA,60,2018,5.0,153,55,4,51,1,60.0,5.0,1220.5422222222223,6102.711111111112,73232.53333333334,92.72727272727272,67906.53090909093,5658.877575757577,0.0,25.0,11.0,70.58823529411767,36.0,0.0
173,MeganCrowleyMacrame,68,2018,4.8571,41,12,0,11,1,68.0,5.666666666666668,1361.8290000000004,7717.031000000003,92604.37200000002,91.66666666666669,84887.34100000003,7073.945083333336,0.0,10.0,0.0,90.9090909090909,10.0,0.0
174,TheCraftyGalSupplies,4795,2015,4.9211,1225,371,14,6,4,1198.75,99.89583333333331,97.69,9758.823958333332,117105.8875,1.6172506738544474,1893.895754716981,157.8246462264151,0.0,0.0,1.0,16.666666666666668,1.0,0.0
175,SugarWolves,260,2011,4.8462,296,9,3,9,8,32.5,2.708333333333333,543.4066666666666,1471.7263888888888,17660.716666666667,100.0,17660.716666666667,1471.7263888888888,0.0,4.0,2.0,66.66666666666667,6.0,0.0
176,LifetimeButtonsLCA,342,2017,5.0,159,233,18,135,2,171.0,14.25,198.81,2833.0425,33996.51,57.93991416309014,19697.548712446354,1641.4623927038626,0.0,0.0,5.0,3.703703703703704,5.0,0.0
177,hopeandbalance,22,2015,5.0,51,12,2,12,4,5.5,0.4583333333333333,510.2716666666667,233.87451388888888,2806.494166666667,100.0,2806.494166666667,233.87451388888888,0.0,6.0,0.0,50.0,6.0,0.0
178,PreslieAlexanderHome,9,2015,5.0,15,16,0,16,4,2.25,0.1875,447.315,83.87156249999998,1006.45875,100.0,1006.45875,83.87156249999998,0.0,2.0,0.0,12.5,2.0,0.0
179,RainyDayWomanDesigns,1,2018,5.0,10,15,2,15,1,1.0,0.08333333333333333,3148.60875,262.3840625,3148.60875,100.0,3148.60875,262.3840625,0.0,8.0,0.0,53.33333333333334,8.0,0.0
180,Naturamacrame,271,2016,5.0,528,22,6,21,3,90.33333333333331,7.527777777777778,2703.778333333333,20353.4424537037,244241.30944444446,95.45454545454544,233139.43174242426,19428.28597853535,0.0,5.0,1.0,28.57142857142857,6.0,0.0
181,MacrameUK,585,2016,4.9815,647,18,3,18,3,195.0,16.25,3043.752857142857,49460.98392857143,593531.8071428571,100.0,593531.8071428571,49460.98392857143,0.0,2.0,5.0,38.888888888888886,7.0,0.0
182,MacrameHomeStore,17,2018,5.0,449,86,18,86,1,17.0,1.4166666666666667,1067.39,1512.1358333333335,18145.63,100.0,18145.63,1512.1358333333335,0.0,29.0,0.0,33.72093023255814,29.0,0.0
183,WhiteOwlKnot,213,2016,4.96772903226,357,109,12,109,3,71.0,5.916666666666668,580.8958333333334,3436.967013888889,41243.60416666667,100.0,41243.60416666667,3436.967013888889,0.0,21.0,25.0,42.20183486238532,46.0,2.0
184,FireflyandFawn,134,2015,5.0,90,14,3,1,4,33.5,2.7916666666666665,4671.97,13042.582916666664,156510.995,7.142857142857142,11179.356785714288,931.6130654761906,0.0,1.0,0.0,100.0,1.0,0.0
185,BlueLotusHemp,774,2013,4.9024,495,87,9,41,6,129.0,10.75,755.47,8121.302500000002,97455.63,47.12643678160919,45927.36586206897,3827.280488505747,0.0,0.0,0.0,0.0,0.0,2.0
186,MeawBeads,7641,2016,4.9349,1348,238,16,147,3,2547.0,212.25,29.305,6219.98625,74639.835,61.764705882352935,46101.07455882354,3841.756213235294,0.0,0.0,2.0,1.3605442176870748,2.0,0.0
187,SweetSmilingSoul,9,2017,5.0,5,9,1,9,2,4.5,0.375,1463.96,548.985,6587.82,100.0,6587.82,548.985,0.0,1.0,0.0,11.111111111111109,1.0,0.0
188,AdiVardiJewelry,50,2014,0.0,453,19,5,19,5,10.0,0.8333333333333334,467.593,389.66083333333336,4675.93,100.0,4675.93,389.66083333333336,0.0,1.0,9.0,52.631578947368425,10.0,0.0
189,HIMOART,635,2013,4.95,5612,10,3,6,6,105.83333333333331,8.819444444444445,6030.483333333333,53185.512731481474,638226.1527777776,60.0,382935.69166666653,31911.30763888888,0.0,3.0,0.0,50.0,3.0,0.0
190,SupplyShopCo,591,2013,4.8462,341,38,3,4,6,98.5,8.208333333333334,87.47399999999998,718.0157499999998,8616.188999999997,10.526315789473683,906.9672631578945,75.58060526315789,0.0,0.0,5.0,125.0,5.0,0.0
191,EMiCraftsLT,371,2017,4.9048,955,109,9,9,2,185.5,15.458333333333336,151.76857142857145,2346.089166666667,28153.070000000003,8.256880733944952,2324.565412844037,193.7137844036697,0.0,0.0,7.0,77.77777777777777,7.0,0.0
192,VitalMatterStudio,9,2018,5.0,12,22,0,22,1,9.0,0.75,1859.4323529411765,1394.5742647058826,16734.891176470588,100.0,16734.891176470588,1394.5742647058826,0.0,16.0,0.0,72.72727272727273,16.0,1.0
193,ScrappyMacrame,4,2018,5.0,4,5,0,5,1,4.0,0.3333333333333333,382.605,127.535,1530.42,100.0,1530.42,127.535,0.0,2.0,0.0,40.0,2.0,0.0
194,MonoMeyStudio,1763,2016,4.8993,1087,98,9,50,3,587.6666666666666,48.97222222222222,392.1574074074074,19204.81970164609,230457.83641975306,51.020408163265316,117580.52878558828,9798.377398799026,0.0,0.0,27.0,54.0,27.0,0.0
195,VictorianWardrobe,10111,2012,4.9594,4717,3655,20,8,7,1444.428571428571,120.36904761904762,119.28,14357.62,172291.44,0.2188782489740082,377.108487004104,31.425707250342,1.0,0.0,1.0,25.0,2.0,0.0
196,BCFunkFactory,1951,2014,4.9545,275,395,11,51,5,390.2,32.516666666666666,31.31711111111112,1018.3280629629633,12219.936755555558,12.911392405063289,1577.7639861603375,131.48033218002814,0.0,0.0,45.0,88.23529411764706,45.0,0.0
197,owlheartmagestics,11,2017,5.0,38,25,0,17,2,5.5,0.4583333333333333,1194.6499999999996,547.5479166666664,6570.574999999998,68.0,4467.990999999999,372.3325833333332,0.0,11.0,0.0,64.70588235294117,11.0,0.0
198,MacrameByAbbie,0,2019,0.0,3,4,0,4,0,0.0,0.0,1546.6,0.0,0.0,100.0,0.0,0.0,0.0,2.0,0.0,50.0,2.0,0.0
199,vintagepatternfreak,1685,2017,4.916,243,2657,16,173,2,842.5,70.20833333333333,30.08744186046506,2112.3891472868177,25348.66976744181,6.5111027474595415,1650.4779336723498,137.53982780602914,0.0,0.0,172.0,99.42196531791909,172.0,0.0
200,DelicateKnots,12,2018,5.0,11,17,0,16,1,12.0,1.0,852.0328571428571,852.0328571428571,10224.394285714283,94.11764705882355,9622.959327731092,801.9132773109244,0.0,7.0,0.0,43.75,7.0,0.0
201,ThenaandRo,46,2017,5.0,32,8,0,8,2,23.0,1.9166666666666667,1988.072857142857,3810.472976190476,45725.67571428571,100.0,45725.67571428571,3810.472976190476,0.0,7.0,0.0,87.5,7.0,0.0
202,WaterAndWillowStudio,78,2017,5.0,26,31,3,2,2,39.0,3.25,59.44,193.18,2318.16,6.451612903225807,149.55870967741933,12.463225806451614,0.0,0.0,2.0,100.0,2.0,0.0
203,ChristinaCay,387,2014,5.0,479,15,2,15,5,77.4,6.45,164.35250000000005,1060.0736250000002,12720.883500000002,100.0,12720.883500000002,1060.0736250000002,3.0,0.0,16.0,126.66666666666669,19.0,0.0
204,purplewyvernjewels,5602,2011,4.9084,1315,295,14,19,8,700.25,58.35416666666666,52.92529411764706,3088.411433823529,37060.937205882365,6.4406779661016955,2386.97561665005,198.91463472083748,1.0,0.0,17.0,94.73684210526315,18.0,0.0
205,HomeBubble,0,2018,0.0,7,12,0,5,1,0.0,0.0,1670.95,0.0,0.0,41.66666666666666,0.0,0.0,0.0,1.0,0.0,20.0,1.0,0.0
206,KnotForKnotMacrame,1,2019,0.0,2,10,0,10,0,1.0,0.5,110.36666666666667,55.18333333333334,110.36666666666667,100.0,110.36666666666667,55.18333333333334,0.0,1.0,0.0,10.0,1.0,2.0
207,PrettyTwistedDIY,117,2018,5.0,61,49,7,4,1,117.0,9.75,99.2,967.2,11606.4,8.16326530612245,947.461224489796,78.95510204081634,0.0,0.0,1.0,25.0,1.0,0.0
208,LoomandboardCo,1,2018,0.0,32,10,3,7,1,1.0,0.08333333333333333,,,,70.0,,,0.0,0.0,0.0,0.0,0.0,0.0
209,MituDesignCo,106,2017,4.5,83,63,6,44,2,53.0,4.416666666666667,600.9642857142858,2654.2589285714284,31851.107142857138,69.84126984126982,22245.217687074823,1853.7681405895692,0.0,7.0,0.0,15.909090909090908,7.0,0.0
210,morenamacrame,60,2012,5.0,4051,36,9,27,7,8.571428571428571,0.7142857142857143,219.1475,156.53392857142856,1878.4071428571426,75.0,1408.805357142857,117.40044642857143,2.0,0.0,3.0,18.51851851851852,5.0,0.0
211,HandmadeCraftSupply,7916,2014,4.8703,4779,5556,10,914,5,1583.2,131.93333333333334,315.9862500000001,41689.11925000002,500269.4310000002,16.450683945284382,82297.74296868253,6858.145247390211,0.0,0.0,72.0,7.87746170678337,72.0,0.0
212,NomaMacrame,360,2016,5.0,1562,92,12,92,3,120.0,10.0,1986.332,19863.32,238359.84,100.0,238359.84,19863.32,0.0,60.0,0.0,65.21739130434783,60.0,0.0
213,lulupica,441,2013,5.0,1351,174,6,171,6,73.5,6.125,284.0680000000001,1739.9165000000007,20878.998000000003,98.27586206896551,20519.015275862075,1709.9179396551726,0.0,0.0,0.0,0.0,0.0,5.0
214,KnottyCotton,47,2016,4.8571,87,16,3,16,3,15.666666666666664,1.3055555555555556,576.5425,752.7082638888891,9032.499166666666,100.0,9032.499166666666,752.7082638888891,0.0,1.0,3.0,25.0,4.0,0.0
215,CarlaSimpleLiving,25,2018,5.0,30,40,7,21,1,25.0,2.083333333333333,541.355,1127.8229166666667,13533.875,52.5,7105.284375,592.1070312500002,0.0,2.0,0.0,9.523809523809524,2.0,0.0
216,TwistedandKnottyUS,12,2017,5.0,9,84,3,68,2,6.0,0.5,246.52000000000004,123.26000000000002,1479.1200000000006,80.95238095238095,1197.3828571428571,99.78190476190477,0.0,5.0,0.0,7.352941176470589,5.0,0.0
217,YesterFinds,689,2016,5.0,128,145,13,45,3,229.66666666666663,19.13888888888889,131.58475000000004,2518.385909722223,30220.63091666668,31.03448275862069,9378.816491379312,781.568040948276,0.0,0.0,40.0,88.8888888888889,40.0,0.0
218,TheNakedApple,5,2017,5.0,8,6,0,3,2,2.5,0.20833333333333331,,,,50.0,,,0.0,0.0,0.0,0.0,0.0,0.0
219,Latute,1,2017,0.0,43,7,2,7,2,0.5,0.04166666666666666,503.3766666666667,20.974027777777774,251.68833333333336,100.0,251.68833333333336,20.974027777777774,0.0,6.0,0.0,85.71428571428571,6.0,0.0
220,TheGoodWitchPatterns,104,2018,5.0,21,268,11,21,1,104.0,8.666666666666666,37.27500000000001,323.05000000000007,3876.6000000000013,7.835820895522388,303.763432835821,25.313619402985086,0.0,0.0,24.0,114.28571428571428,24.0,0.0
221,FlorDeAwita,38,2017,5.0,69,36,7,25,2,19.0,1.5833333333333333,821.6487499999997,1300.9438541666666,15611.326249999995,69.44444444444444,10841.19878472222,903.433232060185,0.0,8.0,0.0,32.0,8.0,0.0
222,KnottingHillBlue,5,2017,5.0,16,32,0,29,2,2.5,0.20833333333333331,764.5566666666667,159.28263888888893,1911.3916666666669,90.625,1732.1986979166668,144.34989149305557,0.0,6.0,0.0,20.689655172413797,6.0,0.0
223,BloomandBestow,0,2018,0.0,4,9,1,9,1,0.0,0.0,5347.909999999999,0.0,0.0,100.0,0.0,0.0,0.0,7.0,0.0,77.77777777777777,7.0,0.0
224,NaviGemstoneNrareArt,9,2018,4.8,25,268,14,109,1,9.0,0.75,,,,40.671641791044784,,,0.0,0.0,0.0,0.0,0.0,0.0
225,FabrictalesShop,295,2016,4.9583,316,418,20,71,3,98.33333333333331,8.194444444444445,131.1925,1075.0496527777775,12900.595833333333,16.985645933014354,2191.2495314992025,182.60412762493354,1.0,0.0,4.0,7.042253521126762,5.0,0.0
226,AGemstoneHub,15,2018,4.5,23,282,2,39,1,15.0,1.25,,,,13.829787234042554,,,0.0,0.0,0.0,0.0,0.0,0.0
227,GANXXET,5947,2014,4.9882,2802,363,12,341,5,1189.4,99.11666666666666,385.7738461538463,38236.61771794873,458839.4126153848,93.93939393939394,431030.9633659675,35919.24694716396,0.0,0.0,39.0,11.436950146627565,39.0,0.0
228,KnotspotJewelry,23,2018,5.0,34,30,7,30,1,23.0,1.9166666666666667,788.29,1510.8891666666666,18130.67,100.0,18130.67,1510.8891666666666,1.0,0.0,0.0,3.333333333333333,1.0,0.0
229,knotandfibre,60,2016,5.0,47,27,2,27,3,20.0,1.6666666666666667,944.33,1573.8833333333334,18886.6,100.0,18886.6,1573.8833333333334,0.0,0.0,0.0,0.0,0.0,1.0
230,Sixandfingers,8,2018,5.0,8,12,3,12,1,8.0,0.6666666666666666,1403.5663636363636,935.710909090909,11228.530909090909,100.0,11228.530909090909,935.710909090909,0.0,11.0,0.0,91.66666666666669,11.0,0.0
231,MINTOOK,209,2010,5.0,6119,182,11,13,9,23.222222222222218,1.935185185185185,434.7266666666666,841.2766049382715,10095.31925925926,7.142857142857142,721.0942328042329,60.09118606701939,0.0,3.0,0.0,23.07692307692308,3.0,0.0
232,knottykatty,521,2017,5.0,446,82,9,68,2,260.5,21.70833333333333,950.248333333333,20628.307569444438,247539.69083333324,82.92682926829268,205276.8167886178,17106.401399051483,0.0,7.0,29.0,52.941176470588225,36.0,0.0
233,KingsKountry,1757,2013,4.9268,417,917,10,417,6,292.8333333333333,24.402777777777782,233.87678571428575,5707.243229166667,68486.91875000001,45.47437295528897,31143.99685796074,2595.333071496729,1.0,2.0,56.0,14.148681055155876,59.0,0.0
234,omtarabead,3644,2008,4.9751,1295,222,10,180,11,331.27272727272725,27.60606060606061,521.8675,14406.705833333332,172880.46999999994,81.08108108108108,140173.35405405404,11681.112837837836,4.0,0.0,4.0,4.4444444444444455,8.0,0.0
235,HomeofDunes,152,2017,5.0,297,54,7,45,2,76.0,6.333333333333332,1093.9602564102563,6928.414957264958,83140.97948717947,83.33333333333333,69284.14957264955,5773.679131054129,0.0,20.0,19.0,86.66666666666669,39.0,0.0
236,FlashOfLightShop,10,2017,5.0,385,41,2,13,2,5.0,0.4166666666666667,1166.062,485.85916666666674,5830.31,31.707317073170728,1848.6348780487808,154.0529065040651,0.0,10.0,0.0,76.92307692307692,10.0,0.0
237,Freestylehandmade,41,2018,5.0,27,47,0,18,1,41.0,3.4166666666666665,256.46,876.2383333333332,10514.86,38.29787234042553,4026.9676595744677,335.5806382978723,0.0,0.0,1.0,5.5555555555555545,1.0,0.0
238,DIYCraftzIndia,30,2018,4.75,25,187,4,117,1,30.0,2.5,178.73000000000005,446.8250000000001,5361.9000000000015,62.5668449197861,3354.7716577540114,279.56430481283434,3.0,0.0,0.0,2.5641025641025643,3.0,0.0
239,SereneDreamsCrafts,0,2019,0.0,0,1,0,1,0,0.0,0.0,,,,100.0,,,0.0,0.0,0.0,0.0,0.0,0.0
240,ArtandKnots,0,2018,0.0,6,7,1,7,1,0.0,0.0,10028.24,0.0,0.0,100.0,0.0,0.0,0.0,4.0,0.0,57.14285714285714,4.0,0.0
241,PearlShoreCat,9509,2012,4.7576,2271,444,9,6,7,1358.4285714285713,113.20238095238096,49.70000000000001,5626.158333333335,67513.90000000001,1.351351351351351,912.35,76.02916666666668,0.0,0.0,3.0,50.0,3.0,0.0
242,VintageBeso,15529,2014,4.4745,1909,1619,14,17,5,3105.8,258.81666666666666,40.773,10552.73195,126632.7834,1.0500308832612724,1329.683334033354,110.80694450277949,0.0,0.0,10.0,58.82352941176471,10.0,0.0
243,kcpuglisi,49,2016,5.0,45,12,0,1,3,16.333333333333332,1.3611111111111112,238.57,324.72027777777777,3896.643333333333,8.333333333333334,324.72027777777777,27.06002314814815,0.0,0.0,0.0,0.0,0.0,1.0
244,DeeAndCherie,12,2018,5.0,16,34,0,5,1,12.0,1.0,1045.0459999999996,1045.0459999999996,12540.551999999998,14.705882352941178,1844.198823529412,153.68323529411762,0.0,5.0,0.0,100.0,5.0,0.0
245,makrame,53,2011,5.0,361,53,5,53,8,6.625,0.5520833333333334,485.65857142857146,268.12400297619047,3217.488035714286,100.0,3217.488035714286,268.12400297619047,0.0,1.0,2.0,5.660377358490566,3.0,5.0
246,MACRAMEMODERN,393,2015,4.9024,557,27,1,27,4,98.25,8.1875,324.7183333333333,2658.6313541666664,31903.57625,100.0,31903.57625,2658.6313541666664,0.0,0.0,12.0,44.444444444444436,12.0,0.0
247,eltallerdeanur,15,2015,0.0,56,23,7,11,4,3.75,0.3125,427.93,133.72812499999998,1604.7374999999995,47.82608695652174,767.4831521739128,63.95692934782608,0.0,0.0,0.0,0.0,0.0,4.0
248,WildernessZen,32,2018,5.0,19,36,3,30,1,32.0,2.6666666666666665,443.59181818181816,1182.9115151515152,14194.938181818183,83.33333333333333,11829.115151515149,985.7595959595959,0.0,11.0,0.0,36.66666666666666,11.0,0.0
249,NatalieManquiArts,1,2018,5.0,4,5,1,2,1,1.0,0.08333333333333333,3976.145,331.34541666666667,3976.145,40.0,1590.4580000000005,132.53816666666668,0.0,2.0,1.0,150.0,3.0,0.0
250,Ropedeco,277,2016,4.9245,570,191,15,12,3,92.33333333333331,7.6944444444444455,241.25,1856.2847222222226,22275.416666666664,6.282722513089006,1399.502617801047,116.62521815008728,0.0,0.0,7.0,58.33333333333334,7.0,0.0
251,wiltandbloomdesigns,43,2018,5.0,40,47,9,47,1,43.0,3.583333333333333,1592.6661111111111,5707.053564814814,68484.64277777777,100.0,68484.64277777777,5707.053564814814,0.0,18.0,0.0,38.29787234042553,18.0,0.0
252,PastPerfectPatterns,30392,2009,4.8992,4688,836,14,2,10,3039.2,253.26666666666668,25.45,6445.636666666667,77347.64,0.23923444976076555,185.04220095693782,15.420183413078153,0.0,0.0,1.0,50.0,1.0,0.0
253,Bohochoco,42,2013,5.0,708,53,14,50,6,7.0,0.5833333333333334,1463.965,853.9795833333334,10247.755,94.33962264150944,9667.693396226416,805.6411163522014,0.0,2.0,0.0,4.0,2.0,0.0
254,Kadabros,1305,2010,5.0,4931,102,17,47,9,145.0,12.083333333333336,1058.557857142857,12790.907440476192,153490.88928571428,46.07843137254902,70726.19408263304,5893.8495068860875,0.0,8.0,4.0,25.53191489361702,12.0,2.0
255,MacrameByMandy,4,2018,5.0,8,17,6,17,1,4.0,0.3333333333333333,1491.05,497.01666666666665,5964.2,100.0,5964.2,497.01666666666665,0.0,1.0,0.0,5.882352941176472,1.0,0.0
256,ElMarieMacrame,0,2019,0.0,18,10,0,10,0,0.0,0.0,1073.56,0.0,0.0,100.0,0.0,0.0,0.0,0.0,0.0,0.0,0.0,1.0
257,FabricSewFun,238,2018,5.0,225,359,15,4,1,238.0,19.83333333333333,247.5125,4908.997916666666,58907.975,1.1142061281337048,656.3562674094708,54.69635561745589,0.0,0.0,4.0,100.0,4.0,0.0
258,madameperlina,26664,2012,4.9341,6611,2028,19,19,7,3809.142857142857,317.42857142857144,34.79,11043.34,132520.08000000002,0.9368836291913216,1241.5589349112427,103.46324457593687,0.0,0.0,6.0,31.578947368421048,6.0,0.0
259,LesPorteReves,5,2017,5.0,50,16,2,16,2,2.5,0.20833333333333331,718.47,149.68125,1796.1750000000004,100.0,1796.1750000000004,149.68125,0.0,0.0,0.0,0.0,0.0,1.0
260,jjpotterybeads,724,2010,5.0,1980,56,11,50,9,80.44444444444444,6.703703703703702,400.596,2685.476888888889,32225.722666666665,89.2857142857143,28772.96666666667,2397.7472222222227,3.0,0.0,5.0,16.0,8.0,0.0
261,EveryPicTellsAStory,3257,2012,4.9722,1035,1216,12,27,7,465.28571428571433,38.77380952380953,298.21,11562.737738095237,138752.85285714286,2.2203947368421053,3080.8610420582695,256.73842017152253,0.0,0.0,13.0,48.148148148148145,13.0,0.0
262,AllYarnDrive,56,2018,5.0,25,52,10,44,1,56.0,4.666666666666667,325.2129166666668,1517.6602777777787,18211.92333333334,84.61538461538461,15410.088974358981,1284.1740811965815,0.0,0.0,24.0,54.54545454545455,24.0,0.0
263,KymLightfoot,26,2015,5.0,212,5,2,3,4,6.5,0.5416666666666666,3638.38,1970.789166666667,23649.47,60.0,14189.681999999999,1182.4735,0.0,0.0,0.0,0.0,0.0,2.0
264,KnotsquaredStudio,33,2017,5.0,47,15,4,14,2,16.5,1.375,481.8185714285715,662.5005357142858,7950.00642857143,93.33333333333331,7420.005999999999,618.3338333333334,0.0,0.0,7.0,50.0,7.0,0.0
265,PaulyCreations,103,2017,5.0,94,13,0,13,2,51.5,4.291666666666667,1080.1855555555555,4635.796342592593,55629.55611111112,100.0,55629.55611111112,4635.796342592593,0.0,9.0,0.0,69.23076923076923,9.0,0.0
266,KnottedWorld,227,2012,5.0,1582,14,3,14,7,32.42857142857143,2.702380952380953,292.79,791.2301190476193,9494.76142857143,100.0,9494.76142857143,791.2301190476193,1.0,0.0,0.0,7.142857142857142,1.0,0.0
267,PyneVijos,3,2018,5.0,15,7,2,7,1,3.0,0.25,855.8566666666667,213.96416666666667,2567.57,100.0,2567.57,213.96416666666667,0.0,3.0,0.0,42.857142857142854,3.0,0.0
268,RosewoodMacrame,25,2015,0.0,37,10,0,10,4,6.25,0.5208333333333334,2112.327500000001,1100.170572916667,13202.046875000002,100.0,13202.046875000002,1100.170572916667,0.0,8.0,0.0,80.0,8.0,0.0
269,WallsAura,0,2018,0.0,9,19,4,14,1,0.0,0.0,828.3655555555556,0.0,0.0,73.6842105263158,0.0,0.0,0.0,9.0,0.0,64.28571428571429,9.0,0.0
270,RosaAzulCrafts,1214,2018,4.959,336,352,17,56,1,1214.0,101.16666666666669,128.28,12977.66,155731.92,15.909090909090908,24775.53272727273,2064.627727272727,0.0,0.0,0.0,0.0,0.0,1.0
271,GoldenHornSupplies,18055,2015,4.8955,4438,4192,21,73,4,4513.75,376.14583333333326,67.59,25423.696875,305084.3625,1.741412213740458,5312.776350787213,442.7313625656011,0.0,0.0,2.0,2.7397260273972597,2.0,0.0
272,TheRoyalWeave,0,2018,0.0,3,4,0,4,1,0.0,0.0,2186.8766666666666,0.0,0.0,100.0,0.0,0.0,0.0,3.0,0.0,75.0,3.0,0.0
273,CraftyRobynShop,0,2018,0.0,1,4,0,2,1,0.0,0.0,4415.95,0.0,0.0,50.0,0.0,0.0,0.0,1.0,0.0,50.0,1.0,0.0
274,LaleShopNiki,378,2015,4.8462,2950,144,4,83,4,94.5,7.875,4776.6021052631595,37615.741578947374,451388.8989473685,57.63888888888889,260175.54592105266,21681.295493421054,0.0,38.0,0.0,45.783132530120476,38.0,0.0
275,MidnightRoseCo,57,2017,5.0,62,28,0,26,2,28.5,2.375,1789.26,4249.4925,50993.91,92.85714285714286,47351.48785714285,3945.957321428572,0.0,0.0,0.0,0.0,0.0,1.0
276,Bohotassiedevil,0,2018,0.0,6,14,3,14,1,0.0,0.0,902.66,0.0,0.0,100.0,0.0,0.0,0.0,3.0,0.0,21.428571428571427,3.0,0.0
277,BrightAndBarrow,0,2018,0.0,5,8,1,3,1,0.0,0.0,954.27,0.0,0.0,37.5,0.0,0.0,0.0,1.0,0.0,33.333333333333336,1.0,0.0
278,LaleStudio,33,2018,5.0,217,63,0,63,1,33.0,2.75,6145.787272727273,16900.915,202810.98,100.0,202810.98,16900.915,0.0,33.0,0.0,52.38095238095239,33.0,0.0
279,LettyBeads,2,2019,5.0,3,25,0,5,0,2.0,1.0,198.81,198.81,397.62,20.0,79.524,39.762,0.0,0.0,0.0,0.0,0.0,1.0
280,CraftRivers,25,2019,5.0,20,24,6,4,0,25.0,12.5,123.65,1545.625,3091.25,16.666666666666668,515.2083333333334,257.6041666666667,0.0,0.0,2.0,50.0,2.0,0.0
281,MiniPerlaSupplies,2337,2012,4.859,400,1210,11,930,7,333.85714285714283,27.82142857142857,158.19116279069772,4401.104136212626,52813.2496345515,76.85950413223141,40592.0017852338,3382.6668154361505,20.0,0.0,43.0,6.774193548387097,63.0,0.0
282,jennylouvintage,1793,2011,4.9,697,1299,11,7,8,224.125,18.67708333333333,142.45,2660.550520833333,31926.60625,0.5388760585065435,172.0448373749038,14.33706978124198,0.0,0.0,2.0,28.57142857142857,2.0,0.0
283,CraftyNeneCo,420,2016,5.0,264,35,0,35,3,140.0,11.666666666666664,411.64647058823533,4802.542156862744,57630.50588235294,100.0,57630.50588235294,4802.542156862744,0.0,17.0,0.0,48.57142857142857,17.0,0.0
284,BeachHempJewelry,47,2017,5.0,35,82,7,81,2,23.5,1.9583333333333333,,,,98.78048780487805,,,0.0,0.0,0.0,0.0,0.0,0.0
285,Artesenhilo,63,2016,5.0,76,64,3,64,3,21.0,1.75,1401.59,2452.7825000000007,29433.390000000007,100.0,29433.390000000007,2452.7825000000007,2.0,0.0,0.0,3.125,2.0,2.0
286,PebblesTribalCraft,146,2017,5.0,397,62,4,62,2,73.0,6.083333333333332,1010.6333333333333,6148.019444444444,73776.23333333334,100.0,73776.23333333334,6148.019444444444,0.0,0.0,0.0,0.0,0.0,6.0
287,HempbyDesign,4606,2012,4.9892,2453,141,5,137,7,658.0,54.83333333333334,102.51777777777771,5621.391481481478,67456.69777777774,97.16312056737587,65543.03259259254,5461.919382716046,0.0,0.0,63.0,45.985401459854025,63.0,0.0
288,Bohemianfer,0,2018,0.0,0,5,0,3,1,0.0,0.0,695.83,0.0,0.0,60.0,0.0,0.0,0.0,0.0,0.0,0.0,0.0,1.0
289,ShopLuaBelle,21,2011,5.0,48,52,3,35,8,2.625,0.21875,454.41428571428565,99.403125,1192.8375,67.30769230769229,802.8713942307692,66.90594951923076,0.0,7.0,0.0,20.0,7.0,0.0
290,RopeShopUa,207,2015,5.0,327,70,5,49,4,51.75,4.3125,412.58529411764715,1779.2740808823532,21351.28897058824,70.0,14945.902279411768,1245.4918566176473,0.0,5.0,17.0,44.897959183673464,22.0,0.0
291,StuffZL,100,2017,5.0,129,92,12,3,2,50.0,4.166666666666667,340.4633333333333,1418.5972222222224,17023.166666666664,3.260869565217391,555.1032608695651,46.25860507246377,0.0,0.0,3.0,100.0,3.0,0.0
292,Liloumariposa,14743,2014,4.7552,2704,1110,11,44,5,2948.6,245.71666666666667,50.43869565217392,12393.62816666667,148723.538,3.963963963963964,5895.347452252252,491.2789543543544,0.0,0.0,23.0,52.27272727272727,23.0,0.0
293,Creadoodle,4,2018,5.0,75,11,2,11,1,4.0,0.3333333333333333,778.155,259.385,3112.62,100.0,3112.62,259.385,0.0,0.0,4.0,36.36363636363637,4.0,0.0
294,Fancyropesandroses,10,2018,5.0,8,33,11,30,1,10.0,0.8333333333333334,780.5675000000001,650.4729166666667,7805.675000000001,90.9090909090909,7096.068181818184,591.3390151515152,0.0,16.0,0.0,53.33333333333334,16.0,0.0
295,FabulousTaste,951,2014,4.9868,336,660,18,2,5,190.2,15.85,1609.94,25517.549,306210.588,0.30303030303030304,927.9108727272728,77.32590606060606,0.0,1.0,0.0,50.0,1.0,0.0
296,MacrameElegance,247,2016,5.0,2975,48,6,48,3,82.33333333333333,6.861111111111112,4494.147222222224,30834.843441358036,370018.1212962964,100.0,370018.1212962964,30834.843441358036,0.0,16.0,0.0,33.333333333333336,16.0,2.0
297,KesemBoutique,3,2018,5.0,17,49,1,18,1,3.0,0.25,642.67,160.6675,1928.01,36.734693877551024,708.2485714285713,59.02071428571429,0.0,0.0,0.0,0.0,0.0,1.0
298,greekfantasy,265,2006,0.0,421,5,1,1,13,20.384615384615387,1.698717948717949,596.42,1013.1493589743588,12157.792307692305,20.0,2431.558461538461,202.62987179487175,0.0,0.0,0.0,0.0,0.0,1.0
299,EverydayThirty,24,2018,5.0,17,45,8,38,1,24.0,2.0,407.555,815.11,9781.32,84.44444444444444,8259.781333333332,688.3151111111113,0.0,1.0,0.0,2.631578947368421,1.0,3.0
300,OldWoolfStore,4,2019,0.0,3,22,1,8,0,4.0,2.0,87.555,175.11,350.22,36.36363636363637,127.3527272727273,63.67636363636365,0.0,0.0,2.0,25.0,2.0,0.0
301,lesperlesdeDiamanda,83,2013,5.0,3187,162,11,44,6,13.833333333333336,1.1527777777777777,69.58,80.21027777777778,962.5233333333333,27.160493827160487,261.4260905349794,21.785507544581613,1.0,0.0,0.0,2.272727272727273,1.0,0.0
302,RezguPinkles,22,2017,5.0,59,50,0,49,2,11.0,0.9166666666666666,626.1279999999998,573.9506666666666,6887.4079999999985,98.0,6749.659839999998,562.4716533333333,0.0,3.0,7.0,20.40816326530612,10.0,0.0
303,KrishnaLabradorites,1607,2018,4.9366,372,1771,6,870,1,1607.0,133.91666666666666,101.39,13577.810833333333,162933.73,49.12478825522304,80040.84985883682,6670.070821569735,0.0,0.0,0.0,0.0,0.0,3.0
304,SkyCaptainCreations,26,2018,5.0,21,106,3,11,1,26.0,2.1666666666666665,636.18,1378.39,16540.68,10.377358490566039,1716.4856603773585,143.04047169811318,0.0,0.0,0.0,0.0,0.0,1.0
305,MacramEva,67,2015,5.0,1307,66,9,65,4,16.75,1.3958333333333333,810.81,1131.7556249999998,13581.0675,98.48484848484848,13375.29375,1114.6078125,0.0,0.0,0.0,0.0,0.0,1.0
306,southpassbeads,55994,2008,4.9818,6751,4901,21,961,11,5090.363636363636,424.1969696969697,66.661875,28277.765369318182,339333.1844318181,19.608243215670267,66537.27611486986,5544.773009572489,6.0,0.0,16.0,2.2892819979188346,22.0,0.0
307,FluffyFridayShop,26,2018,5.0,145,37,4,34,1,26.0,2.1666666666666665,1084.40619047619,2349.546746031745,28194.560952380936,91.89189189189187,25908.515469755454,2159.042955812955,0.0,21.0,0.0,61.764705882352935,21.0,0.0
308,macramehibiscus,4,2017,5.0,58,17,4,17,2,2.0,0.16666666666666666,506.755,84.45916666666666,1013.51,100.0,1013.51,84.45916666666666,1.0,0.0,0.0,5.882352941176472,1.0,1.0
309,IlovecreateStore,869,2016,4.8696,782,184,16,129,3,289.6666666666667,24.13888888888889,125.82526315789477,3037.282046783627,36447.38456140352,70.1086956521739,25552.785915331813,2129.3988262776506,2.0,0.0,19.0,16.27906976744186,21.0,0.0
310,KolumbienArte,32,2012,4.906225,168,34,4,34,7,4.571428571428571,0.3809523809523809,481.22333333333336,183.32317460317458,2199.8780952380953,100.0,2199.8780952380953,183.32317460317458,1.0,0.0,0.0,2.9411764705882355,1.0,2.0
311,KeliStones,3,2016,4.5,27,87,3,30,3,1.0,0.08333333333333333,695.63,57.96916666666666,695.63,34.48275862068966,239.87241379310348,19.989367816091963,0.0,0.0,0.0,0.0,0.0,1.0
312,MPMinis,453,2009,4.6,439,64,10,1,10,45.3,3.775,566.6,2138.915,25666.98,1.5625,401.0465625,33.420546875,0.0,0.0,0.0,0.0,0.0,1.0
313,KateNikolova,292,2015,5.0,901,66,14,34,4,73.0,6.083333333333332,2385.69,14512.9475,174155.37,51.51515151515152,89716.40272727274,7476.366893939395,0.0,0.0,0.0,0.0,0.0,2.0
314,Nodantur,15,2016,5.0,104,60,4,56,3,5.0,0.4166666666666667,355.2033333333334,148.00138888888893,1776.0166666666669,93.33333333333331,1657.6155555555554,138.13462962962964,0.0,0.0,0.0,0.0,0.0,3.0
315,PSThreeOfUs,60,2015,5.0,1119,117,5,29,4,15.0,1.25,775.35,969.1875,11630.25,24.786324786324787,2882.7115384615386,240.22596153846158,0.0,0.0,0.0,0.0,0.0,2.0
316,SimpleBeadPatterns,15395,2012,4.9538,4272,727,10,6,7,2199.285714285714,183.27380952380955,119.09,21826.077976190478,261912.9357142857,0.8253094910591472,2161.592316761643,180.13269306347027,0.0,0.0,3.0,50.0,3.0,0.0
317,LollysBoutiqueGB,18,2017,5.0,139,89,6,82,2,9.0,0.75,128.53,96.3975,1156.77,92.13483146067415,1065.7880898876406,88.81567415730338,0.0,0.0,0.0,0.0,0.0,4.0
318,Thecutepatternshop,2215,2017,4.9135,151,1106,17,15,2,1107.5,92.29166666666669,33.42000000000001,3084.387500000001,37012.650000000016,1.3562386980108498,501.9798824593129,41.83165687160942,0.0,0.0,10.0,66.66666666666667,10.0,0.0
319,ExoticBrazilian,5632,2014,4.9408,3376,141,5,141,5,1126.4,93.86666666666666,560.0864583333336,52573.448888888895,630881.3866666671,100.0,630881.3866666671,52573.448888888895,1.0,0.0,48.0,34.751773049645394,49.0,0.0
320,HandmadeBySarmite,2,2017,0.0,12,16,8,12,2,1.0,0.08333333333333333,90.09,7.5075,90.09,75.0,67.5675,5.630625,0.0,0.0,2.0,16.666666666666668,2.0,0.0
321,MAKARMAjewelry,798,2013,4.9535,1733,172,13,100,6,133.0,11.083333333333336,526.68875,5837.466979166667,70049.60375000001,58.139534883720934,40726.513808139534,3393.876150678295,0.0,0.0,4.0,4.0,4.0,4.0
322,Debeauxsouvenirs,2305,2008,4.891199074069998,4552,73,5,38,11,209.54545454545453,17.46212121212121,632.7781818181818,11049.649311294766,132595.7917355372,52.05479452054794,69022.46693082758,5751.872244235631,0.0,0.0,11.0,28.947368421052627,11.0,0.0
323,SinuCreation,755,2015,4.9571,1557,117,9,62,4,188.75,15.729166666666664,1139.6733333333334,17926.111805555556,215113.34166666667,52.99145299145299,113991.68532763535,9499.30711063628,2.0,0.0,0.0,3.2258064516129035,2.0,4.0
324,CDMacrame,91,2015,4.96917268722,220,75,8,75,4,22.75,1.8958333333333333,801.3541666666665,1519.2339409722224,18230.807291666664,100.0,18230.807291666664,1519.2339409722224,0.0,0.0,12.0,16.0,12.0,0.0
325,LostPropertyHongKong,10849,2008,4.9089,11758,179,13,38,11,986.2727272727273,82.18939393939394,306.56,25195.98060606061,302351.76727272733,21.22905027932961,64186.40869476893,5348.867391230743,0.0,0.0,7.0,18.42105263157895,7.0,0.0
326,TheBeadsofDreams,25708,2011,4.9767,8352,1924,15,403,8,3213.5,267.7916666666667,53.34666666666666,14285.79277777778,171429.51333333337,20.94594594594595,35907.5331981982,2992.294433183184,0.0,0.0,6.0,1.488833746898263,6.0,0.0
327,gypsysouljewellery,445,2011,4.7143,1152,108,12,18,8,55.625,4.635416666666667,881.5957142857143,4086.563467261905,49038.761607142864,16.666666666666668,8173.126934523811,681.0939112103175,0.0,7.0,0.0,38.888888888888886,7.0,0.0
328,TheCozyAtelier,86,2018,4.6667,49,15,6,4,1,86.0,7.166666666666668,185.09,1326.4783333333335,15917.74,26.66666666666667,4244.730666666666,353.7275555555556,2.0,0.0,0.0,50.0,2.0,0.0
329,ATMASHIVALINGA,1,2019,0.0,1,5,0,3,0,1.0,0.5,720.72,360.36,720.72,60.0,432.43199999999996,216.21599999999998,0.0,0.0,0.0,0.0,0.0,2.0
330,ArGlazuru,43,2016,5.0,25,27,6,17,3,14.333333333333336,1.1944444444444444,720.7233333333332,860.8639814814813,10330.367777777778,62.96296296296296,6504.305637860081,542.0254698216735,0.0,2.0,0.0,11.764705882352944,2.0,1.0
331,MythicStrands,23,2017,5.0,31,96,11,24,2,11.5,0.9583333333333334,960.9,920.8625,11050.35,25.0,2762.5875,230.215625,1.0,0.0,0.0,4.166666666666667,1.0,2.0
332,ApparentlyKnotJwlry,4,2017,5.0,34,79,2,67,2,2.0,0.16666666666666666,487.895,81.31583333333333,975.79,84.81012658227849,827.5687341772152,68.9640611814346,0.0,0.0,0.0,0.0,0.0,4.0
333,MelindaMaArt,12,2015,0.0,116,15,0,8,4,3.0,0.25,1614.99,403.7475,4844.97,53.33333333333334,2583.984,215.332,0.0,0.0,0.0,0.0,0.0,1.0
334,DaisyMaeandMe,4094,2011,4.9868,828,1563,12,28,8,511.75,42.645833333333336,145.04272727272723,6185.467973484848,74225.61568181816,1.7914267434420983,1329.6975298086427,110.80812748405356,0.0,0.0,22.0,78.57142857142857,22.0,0.0
335,MeshuMaSH,1722,2011,5.0,11234,226,14,11,8,215.25,17.9375,2849.566666666667,51114.10208333334,613369.2250000001,4.867256637168142,29854.254314159298,2487.854526179941,0.0,1.0,0.0,9.090909090909092,1.0,2.0
336,Aqgemsjewels,246,2018,4.958,239,889,21,95,1,246.0,20.5,213.52,4377.16,52525.92,10.686164229471316,5613.00607424072,467.7505061867267,0.0,0.0,1.0,1.0526315789473684,1.0,1.0
337,HempCraft,57759,2010,4.9739,12293,1025,13,460,9,6417.666666666668,534.8055555555555,90.6876,48500.2323,582002.7876,44.878048780487795,261191.4949229268,21765.957910243902,9.0,0.0,15.0,5.217391304347826,24.0,5.0
338,runintoflowerss,9,2011,0.0,24,2,1,2,8,1.125,0.09375,854.87,80.1440625,961.72875,100.0,961.72875,80.1440625,0.0,2.0,0.0,100.0,2.0,0.0
339,Goldperspective,6,2017,5.0,15,13,0,13,2,3.0,0.25,894.635,223.65875,2683.905,100.0,2683.905,223.65875,0.0,1.0,0.0,7.6923076923076925,1.0,1.0
340,BluebellHillCrafts,17211,2014,4.9913,3876,1064,19,365,5,3442.2,286.85,65.61785714285715,18822.48232142857,225869.7878571429,34.304511278195484,77483.5268494898,6456.9605707908195,0.0,0.0,14.0,3.8356164383561633,14.0,0.0
341,RainbowBeadsShop,3630,2017,4.8062,974,616,20,528,2,1815.0,151.25,182.9,27663.625,331963.5,85.71428571428571,284540.14285714284,23711.67857142857,0.0,0.0,2.0,0.3787878787878788,2.0,0.0
342,energieorgonu,89,2018,4.5455,114,22,6,5,1,89.0,7.416666666666668,337.84,2505.6466666666665,30067.76,22.72727272727273,6833.581818181818,569.4651515151513,1.0,0.0,0.0,20.0,1.0,0.0
343,CastlebarnCurio,5534,2012,4.9971,869,878,15,567,7,790.5714285714287,65.8809523809524,69.58,4583.996666666667,55007.96,64.57858769931663,35523.36369020501,2960.2803075170837,0.0,0.0,1.0,0.1763668430335097,1.0,0.0
344,DarceyPrints,26,2017,5.0,33,18,4,1,2,13.0,1.0833333333333333,854.7,925.925,11111.1,5.5555555555555545,617.2833333333333,51.44027777777778,0.0,1.0,0.0,100.0,1.0,0.0
345,PsychedelicMacrames,37,2018,5.0,175,59,9,54,1,37.0,3.083333333333333,1082.01,3336.1975,40034.37,91.52542372881358,36641.62677966102,3053.4688983050846,0.0,2.0,0.0,3.703703703703704,2.0,1.0
346,IrlandasMacrame,8,2018,5.0,13,8,0,7,1,8.0,0.6666666666666666,347.91,231.94,2783.28,87.5,2435.37,202.9475,0.0,1.0,0.0,14.285714285714285,1.0,1.0
347,BrklynHome,47,2015,5.0,211,44,7,9,4,11.75,0.9791666666666666,1007.29,986.3047916666666,11835.6575,20.454545454545453,2420.929943181818,201.74416193181816,0.0,3.0,0.0,33.333333333333336,3.0,0.0
348,NAMCAstudio,35,2016,5.0,168,17,3,17,3,11.666666666666664,0.9722222222222222,1504.3066666666666,1462.5203703703705,17550.244444444445,100.0,17550.244444444445,1462.5203703703705,0.0,15.0,0.0,88.23529411764706,15.0,0.0
349,zaneymay,4235,2009,4.875,1639,322,9,49,10,423.5,35.291666666666664,116.9443137254902,4127.159738562093,49525.9168627451,15.217391304347824,7536.552566069907,628.0460471724922,25.0,0.0,51.0,155.10204081632654,76.0,0.0
350,ARGEMS,1114,2012,4.5926,1448,1374,15,192,7,159.14285714285714,13.261904761904766,357.855,4745.838928571429,56950.06714285714,13.973799126637553,7958.087985028073,663.1739987523395,0.0,0.0,0.0,0.0,0.0,2.0
351,AnEraOfMemories,1096,2016,4.9091,273,620,20,10,3,365.33333333333326,30.444444444444446,593.24,18060.862222222226,216730.34666666665,1.6129032258064515,3495.6507526881715,291.304229390681,0.0,0.0,1.0,10.0,1.0,0.0
352,ARTEDECREAR,128,2018,4.9848,858,72,10,53,1,128.0,10.666666666666666,1345.7225,14354.373333333333,172252.48,73.6111111111111,126796.96444444446,10566.413703703704,0.0,0.0,0.0,0.0,0.0,4.0
353,KayaArt,1233,2016,4.9333,1536,561,12,245,3,411.0,34.25,626.2433333333332,21448.834166666667,257386.01,43.67201426024955,112405.65499108734,9367.137915923946,2.0,0.0,1.0,1.2244897959183674,3.0,1.0
354,RadicallyYou,53,2018,5.0,48,59,9,52,1,53.0,4.416666666666667,994.035,4390.321250000001,52683.855,88.13559322033899,46433.228135593235,3869.435677966103,0.0,1.0,0.0,1.9230769230769231,1.0,1.0
355,kindez,25177,2012,4.9266,3518,326,5,325,7,3596.714285714286,299.7261904761905,56.28345911949683,16869.62678870919,202435.52146451027,99.69325153374231,201814.55360725714,16817.879467271432,123.0,0.0,159.0,86.76923076923076,282.0,0.0
356,Tmlccreations,69,2014,5.0,1009,140,13,8,5,13.8,1.15,776.23,892.6645,10711.973999999998,5.7142857142857135,612.1128,51.0094,0.0,2.0,0.0,25.0,2.0,0.0
357,ActLikeACharm,332,2016,4.8611,508,416,14,24,3,110.66666666666669,9.222222222222221,63.85666666666666,588.9003703703703,7066.804444444445,5.769230769230768,407.7002564102564,33.975021367521364,0.0,0.0,3.0,12.5,3.0,0.0
358,SFKvintage,732,2011,5.0,512,82,9,2,8,91.5,7.625,213.72,1629.615,19555.38,2.4390243902439024,476.96048780487814,39.746707317073174,0.0,0.0,2.0,100.0,2.0,0.0
359,SelinofosArt,1948,2014,4.9875,6434,177,10,135,5,389.6,32.46666666666667,1081.08,35099.064,421188.768,76.27118644067797,321245.67050847464,26770.47254237288,1.0,0.0,0.0,0.7407407407407407,1.0,0.0
360,BySinuhe,1546,2015,4.808,2413,445,13,89,4,386.5,32.208333333333336,772.8533333333335,24892.317777777782,298707.8133333334,20.0,59741.56266666669,4978.463555555558,4.0,0.0,0.0,4.49438202247191,4.0,2.0
361,HolloCrafts,6,2018,5.0,9,16,4,3,1,6.0,0.5,641.03,320.515,3846.18,18.75,721.1587499999998,60.0965625,0.0,0.0,0.0,0.0,0.0,1.0
362,handmadethaicountry,2602,2010,4.9524,2659,421,4,294,9,289.1111111111111,24.092592592592588,159.05,3831.926851851852,45983.12222222221,69.83372921615202,32111.729057798886,2675.977421483241,0.0,0.0,0.0,0.0,0.0,1.0
363,boholei,232,2014,5.0,313,64,5,46,5,46.4,3.8666666666666663,397.61,1537.4253333333334,18449.104,71.875,13260.2935,1105.0244583333333,1.0,0.0,0.0,2.1739130434782608,1.0,0.0
364,MBbeadandstitch,114,2013,5.0,137,82,8,3,6,19.0,1.5833333333333333,994.04,1573.8966666666665,18886.76,3.6585365853658534,690.9790243902438,57.581585365853655,1.0,0.0,0.0,33.333333333333336,1.0,0.0
365,WishAccessoriesLLCM,2,2018,0.0,21,70,0,34,1,2.0,0.16666666666666666,258.25,43.04166666666666,516.5,48.57142857142857,250.87142857142857,20.905952380952375,0.0,0.0,0.0,0.0,0.0,1.0
366,ColorSupply,10943,2013,4.8831,3382,142,4,142,6,1823.833333333333,151.98611111111111,231.24818181818185,35146.51185606061,421758.1422727273,100.0,421758.1422727273,35146.51185606061,2.0,0.0,15.0,11.971830985915492,17.0,7.0
367,TheGooseAndGanderCo,1,2019,0.0,0,58,9,13,0,1.0,0.5,211.53,105.765,211.53,22.41379310344828,47.41189655172414,23.70594827586207,0.0,0.0,0.0,0.0,0.0,1.0
368,BitchcraftGoods,2,2018,5.0,12,32,2,18,1,2.0,0.16666666666666666,994.04,165.67333333333332,1988.08,56.25,1118.295,93.19125,1.0,0.0,0.0,5.5555555555555545,1.0,0.0
369,CrazyIreneCreations,979,2013,5.0,165,465,15,440,6,163.16666666666666,13.597222222222221,337.8375,4593.651562499998,55123.81874999999,94.6236559139785,52160.172580645165,4346.681048387096,0.0,0.0,0.0,0.0,0.0,4.0
370,SolunaArt,31,2017,5.0,125,84,7,82,2,15.5,1.2916666666666667,1363.7675,1761.5330208333332,21138.39625,97.61904761904762,20635.101101190477,1719.5917584325393,1.0,0.0,0.0,1.2195121951219512,1.0,3.0
371,AraiaHandmade,21,2016,5.0,88,46,4,46,3,7.0,0.5833333333333334,427.93,249.62583333333336,2995.51,100.0,2995.51,249.62583333333336,0.0,0.0,0.0,0.0,0.0,3.0
372,Knotability,146,2014,4.9286,76,27,4,1,5,29.2,2.433333333333333,139.17,338.64699999999993,4063.764,3.703703703703704,150.50977777777774,12.542481481481481,0.0,0.0,1.0,100.0,1.0,0.0
373,TreasureBoxBeads,10504,2010,4.99,3273,949,12,628,9,1167.111111111111,97.25925925925924,94.43,9184.191851851852,110210.30222222222,66.17492096944152,72931.5803957382,6077.6316996448495,0.0,0.0,1.0,0.1592356687898089,1.0,0.0
374,irismishly,4186,2007,5.0,3064,731,11,113,12,348.83333333333326,29.069444444444446,411.315692307692,11956.718666666655,143480.6239999999,15.45827633378933,22179.631343365236,1848.302611947103,65.0,0.0,65.0,115.04424778761063,130.0,0.0
375,AMiRAjewelry,756,2009,5.0,6217,116,4,47,10,75.6,6.3,1491.05,9393.615,112723.38,40.51724137931035,45672.40396551724,3806.033663793103,0.0,0.0,0.0,0.0,0.0,1.0
376,SuppliesEU,34,2017,4.7143,43,30,6,18,2,17.0,1.4166666666666667,152.41666666666666,215.92361111111111,2591.083333333333,60.0,1554.65,129.55416666666667,0.0,2.0,1.0,16.666666666666668,3.0,0.0
377,SmileyBoy,11676,2008,4.976,2087,1546,18,362,11,1061.4545454545455,88.45454545454545,75.24348837209303,6655.628562367862,79867.54274841437,23.415265200517464,18701.19694367788,1558.433078639823,3.0,0.0,43.0,12.707182320441987,46.0,0.0
378,ShungiteMagic,2073,2015,4.9353,467,136,10,37,4,518.25,43.1875,230.82,9968.53875,119622.465,27.205882352941174,32544.347095588244,2712.0289246323528,0.0,0.0,0.0,0.0,0.0,1.0
379,ThirteenWaysCrystals,58,2014,0.0,341,33,7,32,5,11.6,0.9666666666666668,753.66,728.538,8742.456,96.96969696969695,8477.533090909092,706.4610909090909,0.0,0.0,0.0,0.0,0.0,1.0
380,Macrani,2694,2013,4.8182,3538,237,11,86,6,449.0,37.41666666666666,690.6933333333333,25843.442222222217,310121.30666666664,36.28691983122363,112533.4699296765,9377.789160806376,0.0,0.0,0.0,0.0,0.0,3.0
381,kgdezines,70,2012,5.0,222,118,9,11,7,10.0,0.8333333333333334,1192.84,994.0333333333333,11928.4,9.322033898305083,1111.9694915254238,92.6641242937853,0.0,0.0,0.0,0.0,0.0,1.0
382,KayArtJewellery,2,2017,5.0,16,2,2,1,2,1.0,0.08333333333333333,,,,50.0,,,0.0,0.0,0.0,0.0,0.0,0.0
383,SingleTreeCreations,37,2017,4.9412,95,48,1,48,2,18.5,1.5416666666666667,891.7928571428571,1374.8473214285714,16498.167857142857,100.0,16498.167857142857,1374.8473214285714,3.0,0.0,0.0,6.25,3.0,4.0
384,MayariDesign,10,2017,0.0,5,6,1,6,2,5.0,0.4166666666666667,257.07,107.1125,1285.35,100.0,1285.35,107.1125,0.0,0.0,0.0,0.0,0.0,2.0
385,NostalgieArt,230,2016,4.871,721,201,9,201,3,76.66666666666667,6.388888888888888,563.1608771929829,3597.9722709551684,43175.667251462015,100.0,43175.667251462015,3597.9722709551684,0.0,0.0,56.0,27.860696517412933,56.0,1.0
386,BodhiMacrame,25,2014,5.0,226,20,2,20,5,5.0,0.4166666666666667,405.41,168.92083333333338,2027.05,100.0,2027.05,168.92083333333338,0.0,0.0,0.0,0.0,0.0,1.0
387,EarthCultured,3162,2008,4.5294,5056,452,14,182,11,287.45454545454544,23.95454545454545,894.63,21430.455,257165.46,40.26548672566372,103548.92415929203,8629.077013274336,0.0,0.0,0.0,0.0,0.0,1.0
388,ChakraCalmCreations,587,2014,5.0,1041,77,9,61,5,117.4,9.783333333333333,944.335,9238.744083333333,110864.929,79.22077922077922,87828.06063636365,7319.005053030302,0.0,0.0,0.0,0.0,0.0,2.0
389,Birbyzossleptuve,109,2011,4.9333,610,80,5,79,8,13.625,1.1354166666666667,1759.7828571428574,1998.0867857142864,23977.041428571432,98.75,23677.328410714294,1973.1107008928573,1.0,6.0,0.0,8.860759493670884,7.0,0.0
390,TheArtisansHall,3175,2013,4.7835,654,286,16,36,6,529.1666666666666,44.09722222222222,197.81,8722.871527777777,104674.45833333331,12.587412587412588,13175.80594405594,1097.9838286713284,0.0,0.0,0.0,0.0,0.0,1.0
391,ThreadnThyme,50,2018,5.0,54,38,3,37,1,50.0,4.166666666666667,2151.7566666666667,8965.65277777778,107587.83333333331,97.36842105263158,104756.5745614035,8729.714546783627,1.0,0.0,0.0,2.702702702702702,1.0,2.0
392,TomNoyJewelry,10,2016,0.0,25,23,2,23,3,3.333333333333333,0.2777777777777778,898.6080000000003,249.6133333333334,2995.360000000001,100.0,2995.360000000001,249.6133333333334,0.0,0.0,0.0,0.0,0.0,5.0
393,PEPPYBEADS,3814,2017,4.8826,766,1586,19,1386,2,1907.0,158.91666666666666,25.648888888888887,4076.0359259259253,48912.43111111112,87.38965952080706,42744.407011349314,3562.033917612441,9.0,0.0,9.0,1.2987012987012987,18.0,0.0
394,ForgottenBoundaries,4,2019,0.0,4,9,2,9,0,4.0,2.0,205.66,411.32,822.64,100.0,822.64,411.32,0.0,0.0,0.0,0.0,0.0,1.0
395,TercerOjoDesigns,2,2017,0.0,36,36,5,33,2,1.0,0.08333333333333333,1013.51,84.45916666666666,1013.51,91.66666666666669,929.0508333333332,77.42090277777778,0.0,0.0,0.0,0.0,0.0,1.0
396,AnnaMariaCharda,421,2018,5.0,35,31,3,31,1,421.0,35.083333333333336,732.615,25702.57625,308430.915,100.0,308430.915,25702.57625,2.0,0.0,0.0,6.451612903225807,2.0,0.0
397,LeeliaDesigns,2382,2012,4.9832,3058,321,15,9,7,340.2857142857143,28.357142857142854,44.13500000000001,1251.5425000000002,15018.510000000002,2.803738317757009,421.0797196261683,35.08997663551403,2.0,0.0,2.0,44.444444444444436,4.0,0.0
398,Vicrame,101,2016,5.0,43,81,4,79,3,33.666666666666664,2.805555555555556,213.68,599.4911111111112,7193.8933333333325,97.53086419753086,7016.266337448559,584.6888614540467,0.0,0.0,0.0,0.0,0.0,2.0
399,DoliaGalinaCrochet,207,2015,4.7778,8854,157,9,68,4,51.75,4.3125,1082.0814285714284,4666.4761607142855,55997.713928571415,43.31210191082803,24253.786924476797,2021.1489103730664,0.0,7.0,0.0,10.294117647058824,7.0,0.0
400,PeruPeru,2499,2013,4.9881,861,77,3,36,6,416.5,34.708333333333336,115.68,4015.06,48180.72,46.753246753246756,22526.050909090907,1877.1709090909092,2.0,0.0,3.0,13.888888888888891,5.0,0.0
401,GoodAndCute,57,2018,5.0,43,16,8,5,1,57.0,4.75,78.89333333333333,374.7433333333333,4496.92,31.25,1405.2875,117.10729166666668,0.0,0.0,3.0,60.0,3.0,0.0
402,luxurymacrame,20,2014,0.0,219,19,5,19,5,4.0,0.3333333333333333,4549.55,1516.5166666666669,18198.2,100.0,18198.2,1516.5166666666669,0.0,0.0,0.0,0.0,0.0,3.0
403,HepsieShop,8,2018,0.0,12,66,3,4,1,8.0,0.6666666666666666,,,,6.0606060606060606,,,0.0,0.0,0.0,0.0,0.0,0.0
404,NUMAFIREFLY,44,2015,5.0,177,40,4,39,4,11.0,0.9166666666666666,1689.86,1549.0383333333332,18588.46,97.5,18123.7485,1510.3123749999993,0.0,0.0,0.0,0.0,0.0,1.0
405,Mebeadterranean,3700,2013,4.9759,2834,656,15,219,6,616.6666666666666,51.38888888888889,45.73,2350.0138888888887,28200.166666666664,33.384146341463406,9414.384908536584,784.5320757113818,0.0,0.0,1.0,0.45662100456620996,1.0,0.0
406,ShungiteJewelryGift,5492,2014,4.9469,2612,1321,10,874,5,1098.4,91.53333333333332,927.834,84927.7388,1019132.8656,66.16199848599545,674278.6711085542,56189.889259046184,4.0,0.0,0.0,0.4576659038901602,4.0,6.0
407,JamConElCosmos,4,2018,5.0,17,25,3,16,1,4.0,0.3333333333333333,213.965,71.32166666666666,855.86,64.0,547.7504,45.64586666666666,0.0,0.0,0.0,0.0,0.0,2.0
408,TheJewelryBlock,663,2009,5.0,780,155,6,1,10,66.3,5.525,437.38,2416.5245,28998.294,0.6451612903225806,187.08576774193546,15.590480645161293,0.0,0.0,0.0,0.0,0.0,1.0
409,EmbroideryMaterial,20461,2014,4.8981,2927,2236,12,149,5,4092.2,341.01666666666665,125.71500000000002,42870.91025,514450.92300000007,6.663685152057245,34281.38977057246,2856.7824808810383,0.0,0.0,6.0,4.026845637583893,6.0,0.0
410,GhostlyGardenCrafts,26,2018,5.0,36,40,8,1,1,26.0,2.1666666666666665,577.9,1252.1166666666666,15025.4,2.5,375.635,31.302916666666665,0.0,0.0,0.0,0.0,0.0,1.0
411,eyooba,32,2014,5.0,62,98,6,24,5,6.4,0.5333333333333333,1568.59,836.5813333333333,10038.976,24.489795918367342,2458.5247346938777,204.87706122448975,0.0,0.0,0.0,0.0,0.0,1.0
412,CraftHoundllc,655,2012,5.0,787,121,5,113,7,93.57142857142857,7.797619047619047,1168.59,9112.219642857142,109346.6357142857,93.38842975206612,102117.10608028334,8509.758840023613,0.0,0.0,0.0,0.0,0.0,3.0
413,NomadKnitting,711,2017,4.9762,539,109,11,75,2,355.5,29.625,151.86249999999995,4498.9265625,53987.11875,68.80733944954129,37147.10005733945,3095.591671444954,0.0,0.0,4.0,5.333333333333333,4.0,0.0
414,ShamataGadir,5,2018,0.0,31,47,4,38,1,5.0,0.4166666666666667,2117.12,882.1333333333333,10585.6,80.85106382978724,8558.570212765957,713.2141843971632,1.0,0.0,0.0,2.631578947368421,1.0,0.0
415,syagemsshop,699,2018,4.9103,304,1303,20,35,1,699.0,58.25,251.49,14649.2925,175791.51,2.6861089792785875,4721.951534919417,393.49596124328485,0.0,0.0,1.0,2.8571428571428568,1.0,0.0
416,WinnDesignShop,5,2016,0.0,34,16,1,4,3,1.6666666666666667,0.1388888888888889,2998.88,416.5111111111111,4998.133333333334,25.0,1249.5333333333335,104.12777777777778,0.0,2.0,0.0,50.0,2.0,0.0
417,eaglartstudio,46,2017,5.0,32,32,4,3,2,23.0,1.9166666666666667,109.34,209.56833333333336,2514.82,9.375,235.76437500000003,19.64703125,0.0,0.0,0.0,0.0,0.0,1.0
418,SandraMacrame,1,2018,0.0,3,13,0,13,1,1.0,0.08333333333333333,497.015,41.417916666666656,497.015,100.0,497.015,41.417916666666656,0.0,1.0,0.0,7.6923076923076925,1.0,1.0
419,BohointhehomeStore,0,2019,0.0,0,5,0,3,0,0.0,0.0,228.63,0.0,0.0,60.0,0.0,0.0,0.0,0.0,0.0,0.0,0.0,2.0
420,MarlaHomanCollection,248,2016,4.8333,888,118,17,4,3,82.66666666666667,6.888888888888888,85.21333333333331,587.0251851851851,7044.302222222222,3.3898305084745757,238.78990583804142,19.899158819836785,0.0,0.0,3.0,75.0,3.0,0.0
421,handmadebyfofo,590,2014,5.0,2897,180,10,88,5,118.0,9.833333333333334,1334.46,13122.19,157466.28,48.88888888888889,76983.51466666668,6415.292888888889,0.0,4.0,0.0,4.545454545454546,4.0,0.0
422,BijouMadaMeItaly,92,2017,5.0,213,75,9,30,2,46.0,3.8333333333333335,1351.35,5180.175,62162.1,40.0,24864.84,2072.07,0.0,1.0,0.0,3.333333333333333,1.0,0.0
423,TheThrowCo,100,2017,4.9375,93,51,8,9,2,50.0,4.166666666666667,549.862,2291.0916666666667,27493.1,17.647058823529417,4851.723529411765,404.3102941176471,0.0,5.0,0.0,55.555555555555564,5.0,0.0
424,MadeInCydonia,90,2017,5.0,65,56,6,11,2,45.0,3.75,742.115,2782.93125,33395.175,19.642857142857142,6559.766517857143,546.6472098214285,0.0,4.0,0.0,36.36363636363637,4.0,0.0
425,MANCORAhandmade,28,2018,5.0,68,6,0,6,1,28.0,2.333333333333333,2420.535,5647.915,67774.98,100.0,67774.98,5647.915,0.0,2.0,0.0,33.333333333333336,2.0,0.0
426,SoulFlowLifestyle,1,2018,5.0,7,5,0,5,1,1.0,0.08333333333333333,677.145,56.42875,677.145,100.0,677.145,56.42875,0.0,2.0,0.0,40.0,2.0,0.0
427,WorldTravelsDestash,406,2013,5.0,126,64,7,4,6,67.66666666666667,5.638888888888888,99.4,560.5055555555557,6726.0666666666675,6.25,420.3791666666667,35.03159722222223,0.0,0.0,1.0,25.0,1.0,0.0
428,Continual,971,2011,5.0,633,130,5,4,8,121.375,10.114583333333334,29.82,301.616875,3619.4025,3.0769230769230766,111.36623076923077,9.280519230769233,0.0,0.0,7.0,175.0,7.0,0.0
429,HibiscusAccessories,7,2015,5.0,13,27,3,2,4,1.75,0.14583333333333334,225.23,32.846041666666665,394.1525,7.407407407407407,29.19648148148148,2.4330401234567898,0.0,0.0,0.0,0.0,0.0,1.0
430,Vintabulously,20,2014,5.0,10,14,2,12,5,4.0,0.3333333333333333,95.6725,31.89083333333333,382.69,85.71428571428571,328.01999999999987,27.334999999999994,1.0,0.0,8.0,75.0,9.0,0.0
431,AztecHouse,167,2018,5.0,232,42,7,6,1,167.0,13.916666666666664,726.88,10115.746666666666,121388.96,14.285714285714285,17341.280000000002,1445.1066666666668,0.0,2.0,0.0,33.333333333333336,2.0,0.0
432,Theweavingoiseau,50,2017,5.0,50,28,6,28,2,25.0,2.083333333333333,680.9158333333334,1418.5746527777776,17022.895833333332,100.0,17022.895833333332,1418.5746527777776,0.0,12.0,0.0,42.857142857142854,12.0,0.0
433,natunaturally,7,2017,5.0,19,22,0,14,2,3.5,0.2916666666666667,958.46,279.55083333333334,3354.61,63.63636363636363,2134.7518181818177,177.8959848484849,0.0,9.0,0.0,64.28571428571429,9.0,0.0
434,happydayantiques,6878,2011,4.9012,4303,1571,20,2,8,859.75,71.64583333333333,149.11,10683.110208333334,128197.3225,0.1273074474856779,163.2047390197326,13.600394918311055,0.0,0.0,1.0,50.0,1.0,0.0
435,SanquilArt,73,2017,4.88,273,43,9,20,2,36.5,3.0416666666666665,82.265,250.2227083333333,3002.6725,46.511627906976734,1396.5918604651165,116.3826550387597,0.0,0.0,1.0,5.0,1.0,1.0
436,CordMill,0,2018,0.0,10,20,9,19,1,0.0,0.0,1441.35,0.0,0.0,95.0,0.0,0.0,0.0,2.0,0.0,10.526315789473683,2.0,0.0
437,xogallery,520,2007,4.9861,249,77,5,2,12,43.33333333333334,3.611111111111111,139.17,502.5583333333333,6030.7,2.5974025974025974,156.64155844155843,13.053463203463199,0.0,0.0,2.0,100.0,2.0,0.0
438,christelboutique,753,2014,4.9697,1799,148,10,57,5,150.6,12.55,183.72,2305.686,27668.232000000004,38.51351351351352,10656.008270270273,888.0006891891893,2.0,0.0,0.0,3.5087719298245608,2.0,0.0
439,UniqueByYuni,1686,2016,4.9524,709,17,3,3,3,562.0,46.83333333333334,230.08,10775.413333333334,129304.96,17.647058823529417,22818.522352941178,1901.5435294117651,0.0,1.0,0.0,33.333333333333336,1.0,0.0
440,ParadiseNative,225,2016,5.0,280,12,3,12,3,75.0,6.25,620.9433333333333,3880.895833333333,46570.74999999999,100.0,46570.74999999999,3880.895833333333,0.0,3.0,0.0,25.0,3.0,0.0
441,TwinMade,445,2008,5.0,324,102,10,11,11,40.45454545454545,3.371212121212121,102.57,345.7852272727273,4149.422727272727,10.784313725490195,447.48676470588236,37.2905637254902,0.0,0.0,1.0,9.090909090909092,1.0,0.0
442,Jeweltailor,1833,2013,4.8864,912,271,20,32,6,305.5,25.45833333333333,166.835,4247.341041666667,50968.0925,11.808118081180814,6018.372546125462,501.5310455104551,0.0,0.0,2.0,6.25,2.0,0.0
443,Vilorett,2238,2014,4.973,965,136,10,135,5,447.6,37.3,53.83,2007.859,24094.307999999997,99.26470588235294,23917.143970588244,1993.0953308823525,0.0,0.0,1.0,0.7407407407407407,1.0,0.0
444,PrettyLittleEtsyShop,58,2016,5.0,29,12,3,12,3,19.33333333333333,1.6111111111111112,2571.2233333333343,4142.526481481483,49710.31777777778,100.0,49710.31777777778,4142.526481481483,0.0,3.0,0.0,25.0,3.0,0.0
445,FremarsTreasures,808,2015,4.7937,241,311,21,2,4,202.0,16.833333333333332,655.86,11040.31,132483.72,0.6430868167202572,851.9853376205788,70.99877813504824,0.0,0.0,2.0,100.0,2.0,0.0
446,KnotSquared,222,2015,5.0,2349,16,4,16,4,55.5,4.625,1462.836,6765.6165,81187.398,100.0,81187.398,6765.6165,1.0,2.0,3.0,37.5,6.0,0.0
447,AudaceByMace,3,2018,0.0,30,13,0,1,1,3.0,0.25,695.83,173.9575,2087.49,7.6923076923076925,160.57615384615391,13.381346153846154,0.0,2.0,0.0,200.0,2.0,0.0
448,CreativeBoheme,4,2018,5.0,7,13,4,13,1,4.0,0.3333333333333333,1441.3525,480.45083333333326,5765.41,100.0,5765.41,480.45083333333326,0.0,4.0,0.0,30.76923076923077,4.0,0.0
449,grammysyarngarden,13711,2011,4.9584,4815,2707,19,89,8,1713.875,142.82291666666666,124.63641025641031,17800.935635683767,213611.22762820523,3.2877724418175096,7023.051074588203,585.2542562156835,0.0,11.0,39.0,56.179775280898866,50.0,0.0
450,TangledRopeCo,174,2017,5.0,167,18,4,18,2,87.0,7.25,601.9242857142857,4363.951071428572,52367.41285714286,100.0,52367.41285714286,4363.951071428572,0.0,6.0,0.0,33.333333333333336,6.0,1.0
451,FairytaleIrasHome,544,2015,5.0,244,54,4,47,4,136.0,11.333333333333336,621.7245454545454,7046.211515151514,84554.53818181816,87.03703703703705,73593.76471380469,6132.813726150393,0.0,6.0,5.0,23.40425531914893,11.0,0.0
452,FreebirdDesignStore,4,2017,5.0,5,5,1,5,2,2.0,0.16666666666666666,477.138,79.523,954.276,100.0,954.276,79.523,0.0,5.0,0.0,100.0,5.0,0.0
453,RetoDecor,403,2013,5.0,1750,58,9,58,6,67.16666666666667,5.597222222222222,2236.5825,12518.649270833335,150223.79125,100.0,150223.79125,12518.649270833335,0.0,4.0,0.0,6.896551724137932,4.0,0.0
454,TheDiscerningHoarder,2187,2016,4.9921,717,886,21,13,3,729.0,60.75,53.4275,3245.7206249999995,38948.6475,1.4672686230248306,571.4812838600451,47.623440321670415,0.0,0.0,8.0,61.53846153846154,8.0,0.0
455,LanesEndKnots,253,2016,5.0,100,140,12,96,3,84.33333333333333,7.027777777777778,86.485,607.7973611111112,7293.568333333333,68.57142857142857,5001.303999999999,416.77533333333326,0.0,0.0,6.0,6.25,6.0,2.0
456,HigherFlowersFibres,13,2018,5.0,56,31,7,27,1,13.0,1.0833333333333333,1331.3325000000002,1442.276875,17307.322500000002,87.09677419354837,15074.119596774197,1256.1766330645164,0.0,5.0,0.0,18.51851851851852,5.0,3.0
457,Relaxingwonder,7,2018,5.0,6,19,0,1,1,7.0,0.5833333333333334,797.72,465.3366666666667,5584.04,5.2631578947368425,293.8968421052632,24.49140350877193,0.0,2.0,0.0,200.0,2.0,0.0
458,aguaYrai,9,2015,0.0,209,38,0,38,4,2.25,0.1875,1293.34,242.50125,2910.015,100.0,2910.015,242.50125,1.0,0.0,0.0,2.631578947368421,1.0,0.0
459,ARTEAMANOetsy,1479,2014,4.9779,1844,265,8,208,5,295.8,24.65,982.776,24225.4284,290705.14080000005,78.49056603773585,228176.110514717,19014.67587622641,5.0,0.0,0.0,2.4038461538461537,5.0,0.0
460,MomentsInTwine,6725,2015,4.8603,1874,861,16,25,4,1681.25,140.10416666666666,52.073076923076925,7295.655048076923,87547.86057692308,2.9036004645760745,2542.040086437953,211.83667386982933,3.0,0.0,13.0,64.0,16.0,0.0
461,GennysCrafts,12,2015,5.0,75,52,5,52,4,3.0,0.25,1391.45,347.8625,4174.35,100.0,4174.35,347.8625,0.0,0.0,0.0,0.0,0.0,1.0
462,GMThreads,66,2018,5.0,44,43,7,26,1,66.0,5.5,2258.448,12421.464,149057.568,60.465116279069775,90127.83181395348,7510.652651162791,0.0,3.0,1.0,15.384615384615385,4.0,1.0
463,BohoDaisyStudio,71,2018,5.0,362,62,5,55,1,71.0,5.916666666666668,3237.2885714285717,19153.957380952383,229847.48857142855,88.70967741935482,203896.9656682028,16991.413805683565,0.0,14.0,0.0,25.45454545454545,14.0,0.0
464,Vishemir,2110,2015,4.871,1275,113,9,16,4,527.5,43.95833333333334,566.6025,24906.9015625,298882.81875,14.15929203539823,42319.69115044247,3526.64092920354,0.0,4.0,0.0,25.0,4.0,0.0
465,HelloUnicornShop,872,2006,5.0,3108,118,6,83,13,67.07692307692308,5.589743589743589,605.19,3382.856923076923,40594.283076923086,70.33898305084746,28553.605893089967,2379.467157757497,0.0,4.0,0.0,4.819277108433735,4.0,0.0
466,PerfectYarns,11214,2016,4.9372,5081,268,19,267,3,3738.0,311.5,128.135,39914.0525,478968.63,99.6268656716418,477181.4336194029,39765.11946828359,0.0,0.0,2.0,0.7490636704119851,2.0,0.0
467,RosesPatternsEtc,6326,2011,4.9841,1704,717,9,13,8,790.75,65.89583333333333,190.85333333333335,12576.439444444446,150917.27333333335,1.8131101813110184,2736.296448163646,228.02470401363712,0.0,0.0,15.0,115.3846153846154,15.0,0.0
468,OkrasaDecor,132,2016,5.0,454,55,11,55,3,44.0,3.6666666666666665,1332.0079999999998,4884.029333333333,58608.352,100.0,58608.352,4884.029333333333,0.0,5.0,0.0,9.090909090909092,5.0,0.0
469,SUNSETSAGAWORKSHOP,9,2018,0.0,1,80,6,4,1,9.0,0.75,,,,5.0,,,0.0,0.0,0.0,0.0,0.0,0.0
470,nloiscrafts,28487,2016,4.9283,4273,4121,18,1037,3,9495.666666666666,791.3055555555555,52.05090909090909,41188.17353535353,494258.0824242424,25.163795195340928,124374.09159765573,10364.50763313798,1.0,0.0,11.0,1.1571841851494695,12.0,0.0
471,CrochetShila,31,2016,5.0,136,81,0,12,3,10.333333333333334,0.8611111111111112,,,,14.814814814814815,,,0.0,0.0,0.0,0.0,0.0,0.0
472,ImbaliCrafts,564,2014,4.625,581,52,6,33,5,112.8,9.4,87.26375000000002,820.2792500000003,9843.351000000002,63.46153846153846,6246.741980769232,520.5618317307693,4.0,0.0,8.0,36.36363636363637,12.0,0.0
473,KnottyEssentials,4870,2014,4.9439,1129,86,6,53,5,974.0,81.16666666666667,103.03615384615387,8363.101153846155,100357.21384615387,61.62790697674418,61848.05039355994,5154.004199463328,0.0,0.0,13.0,24.52830188679245,13.0,0.0
474,MacrameGardensNorway,20,2018,5.0,33,14,3,14,1,20.0,1.6666666666666667,139.17,231.95,2783.4,100.0,2783.4,231.95,0.0,0.0,0.0,0.0,0.0,1.0
475,EarthCraftHandmade,141,2016,4.9412,470,34,8,24,3,47.0,3.9166666666666665,33.83,132.50083333333333,1590.01,70.58823529411767,1122.36,93.53,2.0,0.0,2.0,16.666666666666668,4.0,0.0
476,Macramome,73,2018,4.92,178,54,9,51,1,73.0,6.083333333333332,767.3979999999998,4668.337833333332,56020.054000000004,94.44444444444444,52907.82877777777,4408.98573148148,0.0,5.0,0.0,9.803921568627453,5.0,0.0
477,iTaiTaiTashop,11,2015,5.0,75,14,0,10,4,2.75,0.22916666666666666,5577.5025,1278.17765625,15338.131875,71.42857142857143,10955.808482142857,912.9840401785713,0.0,8.0,0.0,80.0,8.0,0.0
478,KnottyBloom,328,2015,5.0,2384,16,6,16,4,82.0,6.833333333333332,1140.585,7793.997499999998,93527.97,100.0,93527.97,7793.997499999998,0.0,4.0,4.0,50.0,8.0,0.0
479,LettiandLow,53,2018,5.0,58,20,1,12,1,53.0,4.416666666666667,732.65,3235.870833333333,38830.45,60.0,23298.27,1941.5225,0.0,1.0,0.0,8.333333333333334,1.0,0.0
480,hellohydrangea,2501,2012,4.9852,3456,18,5,9,7,357.28571428571433,29.773809523809533,894.635,26636.69208333333,319640.305,50.0,159820.1525,13318.346041666668,0.0,1.0,1.0,22.222222222222218,2.0,0.0
